ISO-10303-21;
HEADER;
/* Generated by software containing ST-Developer
 * from STEP Tools, Inc. (www.steptools.com) 
 */
/* OPTION: using custom renumber hook */

FILE_DESCRIPTION(
/* description */ ('STEP AP242 Edition 2',
'CAx-IF Rec.Pracs.---Representation and Presentation of Product Manufa
cturing Information (PMI)---4.0---2014-10-13',
'CAx-IF Rec.Pracs.---3D Tessellated Geometry---0.4---2014-09-14','2;1',
'CAx-IF Rec.Pracs.---User Defined Attributes---1.5---2016-08-15'),
/* implementation_level */ '2;1');

FILE_NAME(
/* name */ '4_0 inch tft and case - bottom case',
/* time_stamp */ '2026-06-21T03:15:18Z',
/* author */ (''),
/* organization */ (''),
/* preprocessor_version */ 'ST-DEVELOPER v20',
/* originating_system */ 'ONSHAPE BY PTC INC, 1.216',
/* authorisation */ '  ');

FILE_SCHEMA (('AP242_MANAGED_MODEL_BASED_3D_ENGINEERING_MIM_LF { 1 0 10303 442 3 1 4 }'));
ENDSEC;

DATA;
#10=SHAPE_REPRESENTATION_RELATIONSHIP('','',#1872,#11);
#11=ADVANCED_BREP_SHAPE_REPRESENTATION('',(#1870),#3367);
#12=(
BOUNDED_SURFACE()
B_SPLINE_SURFACE(3,2,((#3139,#3140,#3141),(#3142,#3143,#3144),(#3145,#3146,
#3147),(#3148,#3149,#3150),(#3151,#3152,#3153)),.UNSPECIFIED.,.F.,.F.,.F.)
B_SPLINE_SURFACE_WITH_KNOTS((4,1,4),(3,3),(5.56239981323665,6.28318530717959,
7.00397080112252),(0.,1.),.UNSPECIFIED.)
GEOMETRIC_REPRESENTATION_ITEM()
RATIONAL_B_SPLINE_SURFACE(((1.,0.824311554968409,1.),(1.,0.847290169651965,
1.),(1.,0.871906434909163,1.),(1.,0.847290169652246,1.),(1.,0.824311554968407,
1.)))
REPRESENTATION_ITEM('')
SURFACE()
);
#13=(
BOUNDED_SURFACE()
B_SPLINE_SURFACE(3,2,((#3154,#3155,#3156),(#3157,#3158,#3159),(#3160,#3161,
#3162),(#3163,#3164,#3165),(#3166,#3167,#3168)),.UNSPECIFIED.,.F.,.F.,.F.)
B_SPLINE_SURFACE_WITH_KNOTS((4,1,4),(3,3),(5.56239981323665,6.28318530717959,
7.00397080112252),(0.,1.),.UNSPECIFIED.)
GEOMETRIC_REPRESENTATION_ITEM()
RATIONAL_B_SPLINE_SURFACE(((1.,0.824311554968408,1.),(1.,0.847290169652134,
1.),(1.,0.871906434908766,1.),(1.,0.847290169652871,1.),(1.,0.824311554968408,
1.)))
REPRESENTATION_ITEM('')
SURFACE()
);
#14=(
BOUNDED_SURFACE()
B_SPLINE_SURFACE(3,2,((#3181,#3182,#3183),(#3184,#3185,#3186),(#3187,#3188,
#3189),(#3190,#3191,#3192),(#3193,#3194,#3195)),.UNSPECIFIED.,.F.,.F.,.F.)
B_SPLINE_SURFACE_WITH_KNOTS((4,1,4),(3,3),(2.42080715964683,3.14159265358978,
3.86237814753273),(0.,1.),.UNSPECIFIED.)
GEOMETRIC_REPRESENTATION_ITEM()
RATIONAL_B_SPLINE_SURFACE(((1.,0.824311554968407,1.),(1.,0.847290169650999,
1.),(1.,0.871906434909359,1.),(1.,0.847290169652814,1.),(1.,0.824311554968408,
1.)))
REPRESENTATION_ITEM('')
SURFACE()
);
#15=(
BOUNDED_SURFACE()
B_SPLINE_SURFACE(3,2,((#3197,#3198,#3199),(#3200,#3201,#3202),(#3203,#3204,
#3205),(#3206,#3207,#3208),(#3209,#3210,#3211)),.UNSPECIFIED.,.F.,.F.,.F.)
B_SPLINE_SURFACE_WITH_KNOTS((4,1,4),(3,3),(2.42080715964686,3.1415926535898,
3.86237814753275),(0.,1.),.UNSPECIFIED.)
GEOMETRIC_REPRESENTATION_ITEM()
RATIONAL_B_SPLINE_SURFACE(((1.,0.824311554968408,1.),(1.,0.847290169652814,
1.),(1.,0.871906434908879,1.),(1.,0.847290169651963,1.),(1.,0.824311554968407,
1.)))
REPRESENTATION_ITEM('')
SURFACE()
);
#16=(
BOUNDED_SURFACE()
B_SPLINE_SURFACE(3,2,((#3256,#3257,#3258),(#3259,#3260,#3261),(#3262,#3263,
#3264),(#3265,#3266,#3267),(#3268,#3269,#3270)),.UNSPECIFIED.,.F.,.F.,.F.)
B_SPLINE_SURFACE_WITH_KNOTS((4,1,4),(3,3),(5.56239981323665,6.28318530717959,
7.00397080112252),(0.,1.),.UNSPECIFIED.)
GEOMETRIC_REPRESENTATION_ITEM()
RATIONAL_B_SPLINE_SURFACE(((1.,0.824311554968409,1.),(1.,0.847290169651115,
1.),(1.,0.871906434910012,1.),(1.,0.847290169651397,1.),(1.,0.824311554968408,
1.)))
REPRESENTATION_ITEM('')
SURFACE()
);
#17=(
BOUNDED_SURFACE()
B_SPLINE_SURFACE(3,2,((#3291,#3292,#3293),(#3294,#3295,#3296),(#3297,#3298,
#3299),(#3300,#3301,#3302),(#3303,#3304,#3305)),.UNSPECIFIED.,.F.,.F.,.F.)
B_SPLINE_SURFACE_WITH_KNOTS((4,1,4),(3,3),(5.56239981323665,6.28318530717959,
7.00397080112252),(0.,1.),.UNSPECIFIED.)
GEOMETRIC_REPRESENTATION_ITEM()
RATIONAL_B_SPLINE_SURFACE(((1.,0.824311554968409,1.),(1.,0.847290169652645,
1.),(1.,0.871906434908879,1.),(1.,0.847290169652134,1.),(1.,0.824311554968408,
1.)))
REPRESENTATION_ITEM('')
SURFACE()
);
#18=(
BOUNDED_SURFACE()
B_SPLINE_SURFACE(3,2,((#3307,#3308,#3309),(#3310,#3311,#3312),(#3313,#3314,
#3315),(#3316,#3317,#3318),(#3319,#3320,#3321)),.UNSPECIFIED.,.F.,.F.,.F.)
B_SPLINE_SURFACE_WITH_KNOTS((4,1,4),(3,3),(2.42080715964683,3.14159265358979,
3.86237814753275),(0.,1.),.UNSPECIFIED.)
GEOMETRIC_REPRESENTATION_ITEM()
RATIONAL_B_SPLINE_SURFACE(((1.,0.824311554968407,1.),(1.,0.84729016965117,
1.),(1.,0.871906434909362,1.),(1.,0.847290169652643,1.),(1.,0.824311554968406,
1.)))
REPRESENTATION_ITEM('')
SURFACE()
);
#19=(
BOUNDED_SURFACE()
B_SPLINE_SURFACE(3,2,((#3333,#3334,#3335),(#3336,#3337,#3338),(#3339,#3340,
#3341),(#3342,#3343,#3344),(#3345,#3346,#3347)),.UNSPECIFIED.,.F.,.F.,.F.)
B_SPLINE_SURFACE_WITH_KNOTS((4,1,4),(3,3),(2.42080715964686,3.1415926535898,
3.86237814753274),(0.,1.),.UNSPECIFIED.)
GEOMETRIC_REPRESENTATION_ITEM()
RATIONAL_B_SPLINE_SURFACE(((1.,0.824311554968408,1.),(1.,0.847290169652814,
1.),(1.,0.871906434908088,1.),(1.,0.847290169653549,1.),(1.,0.824311554968406,
1.)))
REPRESENTATION_ITEM('')
SURFACE()
);
#20=SPHERICAL_SURFACE('',#1973,0.002);
#21=SPHERICAL_SURFACE('',#1977,0.002);
#22=SPHERICAL_SURFACE('',#1981,0.002);
#23=SPHERICAL_SURFACE('',#1985,0.002);
#24=SPHERICAL_SURFACE('',#1995,0.002);
#25=SPHERICAL_SURFACE('',#1997,0.002);
#26=SPHERICAL_SURFACE('',#2007,0.002);
#27=SPHERICAL_SURFACE('',#2009,0.002);
#28=SPHERICAL_SURFACE('',#2019,0.002);
#29=SPHERICAL_SURFACE('',#2022,0.002);
#30=SPHERICAL_SURFACE('',#2039,0.002);
#31=SPHERICAL_SURFACE('',#2042,0.002);
#32=SPHERICAL_SURFACE('',#2063,0.002);
#33=SPHERICAL_SURFACE('',#2082,0.002);
#34=SPHERICAL_SURFACE('',#2084,0.002);
#35=SPHERICAL_SURFACE('',#2096,0.002);
#36=B_SPLINE_CURVE_WITH_KNOTS('',3,(#3015,#3016,#3017,#3018,#3019),
 .UNSPECIFIED.,.F.,.F.,(4,1,4),(0.,0.00132851529443965,0.0026570305888793),
 .UNSPECIFIED.);
#37=CONICAL_SURFACE('',#1937,0.00277,0.715584993317674);
#38=CONICAL_SURFACE('',#1941,0.00277,0.715584993317674);
#39=CONICAL_SURFACE('',#1945,0.00277,0.715584993317674);
#40=CONICAL_SURFACE('',#1949,0.00277,0.715584993317674);
#41=CYLINDRICAL_SURFACE('',#1900,0.002);
#42=CYLINDRICAL_SURFACE('',#1906,0.002);
#43=CYLINDRICAL_SURFACE('',#1914,0.002);
#44=CYLINDRICAL_SURFACE('',#1918,0.002);
#45=CYLINDRICAL_SURFACE('',#1921,0.00200000000000003);
#46=CYLINDRICAL_SURFACE('',#1925,0.002);
#47=CYLINDRICAL_SURFACE('',#1934,0.00175);
#48=CYLINDRICAL_SURFACE('',#1938,0.00175);
#49=CYLINDRICAL_SURFACE('',#1942,0.00175);
#50=CYLINDRICAL_SURFACE('',#1946,0.00175);
#51=CYLINDRICAL_SURFACE('',#1950,0.00375);
#52=CYLINDRICAL_SURFACE('',#1955,0.00375);
#53=CYLINDRICAL_SURFACE('',#1960,0.00375);
#54=CYLINDRICAL_SURFACE('',#1967,0.00375);
#55=CYLINDRICAL_SURFACE('',#1970,0.002);
#56=CYLINDRICAL_SURFACE('',#1971,0.002);
#57=CYLINDRICAL_SURFACE('',#1975,0.002);
#58=CYLINDRICAL_SURFACE('',#1979,0.002);
#59=CYLINDRICAL_SURFACE('',#1983,0.002);
#60=CYLINDRICAL_SURFACE('',#1987,0.002);
#61=CYLINDRICAL_SURFACE('',#1988,0.002);
#62=CYLINDRICAL_SURFACE('',#1990,0.002);
#63=CYLINDRICAL_SURFACE('',#1992,0.002);
#64=CYLINDRICAL_SURFACE('',#1999,0.002);
#65=CYLINDRICAL_SURFACE('',#2001,0.002);
#66=CYLINDRICAL_SURFACE('',#2003,0.002);
#67=CYLINDRICAL_SURFACE('',#2005,0.002);
#68=CYLINDRICAL_SURFACE('',#2011,0.002);
#69=CYLINDRICAL_SURFACE('',#2016,0.002);
#70=CYLINDRICAL_SURFACE('',#2025,0.002);
#71=CYLINDRICAL_SURFACE('',#2027,0.002);
#72=CYLINDRICAL_SURFACE('',#2029,0.002);
#73=CYLINDRICAL_SURFACE('',#2032,0.002);
#74=CYLINDRICAL_SURFACE('',#2034,0.002);
#75=CYLINDRICAL_SURFACE('',#2036,0.002);
#76=CYLINDRICAL_SURFACE('',#2044,0.002);
#77=CYLINDRICAL_SURFACE('',#2046,0.002);
#78=CYLINDRICAL_SURFACE('',#2049,0.002);
#79=CYLINDRICAL_SURFACE('',#2051,0.002);
#80=CYLINDRICAL_SURFACE('',#2055,0.002);
#81=CYLINDRICAL_SURFACE('',#2060,0.002);
#82=CYLINDRICAL_SURFACE('',#2067,0.002);
#83=CYLINDRICAL_SURFACE('',#2069,0.002);
#84=CYLINDRICAL_SURFACE('',#2071,0.002);
#85=CYLINDRICAL_SURFACE('',#2074,0.002);
#86=CYLINDRICAL_SURFACE('',#2076,0.002);
#87=CYLINDRICAL_SURFACE('',#2079,0.002);
#88=CYLINDRICAL_SURFACE('',#2088,0.002);
#89=CYLINDRICAL_SURFACE('',#2090,0.002);
#90=CYLINDRICAL_SURFACE('',#2092,0.002);
#91=CYLINDRICAL_SURFACE('',#2094,0.002);
#92=CYLINDRICAL_SURFACE('',#2099,0.002);
#93=CYLINDRICAL_SURFACE('',#2104,0.002);
#94=CYLINDRICAL_SURFACE('',#2105,0.002);
#95=CYLINDRICAL_SURFACE('',#2106,0.002);
#96=CYLINDRICAL_SURFACE('',#2107,0.002);
#97=ELLIPSE('',#1879,0.00282842712474619,0.002);
#98=ELLIPSE('',#1880,0.00282842712474619,0.002);
#99=ELLIPSE('',#1881,0.00455343033444577,0.004);
#100=ELLIPSE('',#1882,0.00455343033444577,0.004);
#101=ELLIPSE('',#1883,0.00455343033444577,0.004);
#102=ELLIPSE('',#1884,0.00455343033444577,0.004);
#103=ELLIPSE('',#1888,0.00282842712474619,0.002);
#104=ELLIPSE('',#1889,0.00282842712474619,0.002);
#105=ELLIPSE('',#1890,0.00455343033444577,0.004);
#106=ELLIPSE('',#1894,0.00455343033444577,0.004);
#107=ELLIPSE('',#1895,0.00455343033444577,0.004);
#108=ELLIPSE('',#1896,0.00455343033444577,0.004);
#109=ELLIPSE('',#1898,0.00557135531087365,0.002);
#110=ELLIPSE('',#1899,0.00557135531087365,0.002);
#111=ELLIPSE('',#1904,0.00557135531087365,0.002);
#112=ELLIPSE('',#1905,0.00557135531087365,0.002);
#113=ELLIPSE('',#2028,0.00295528810958439,0.002);
#114=ELLIPSE('',#2033,0.00295528810958439,0.002);
#115=ELLIPSE('',#2045,0.00295528810958439,0.002);
#116=ELLIPSE('',#2052,0.00295528810958439,0.002);
#117=ELLIPSE('',#2062,0.00295528810958439,0.002);
#118=ELLIPSE('',#2072,0.00295528810958439,0.002);
#119=ELLIPSE('',#2081,0.00295528810958439,0.002);
#120=ELLIPSE('',#2098,0.00295528810958439,0.002);
#121=CIRCLE('',#1875,0.00277);
#122=CIRCLE('',#1876,0.00277);
#123=CIRCLE('',#1877,0.00277);
#124=CIRCLE('',#1878,0.00277);
#125=CIRCLE('',#1886,0.00375);
#126=CIRCLE('',#1887,0.00375);
#127=CIRCLE('',#1891,0.00375);
#128=CIRCLE('',#1892,0.00375);
#129=CIRCLE('',#1893,0.00375);
#130=CIRCLE('',#1901,0.002);
#131=CIRCLE('',#1902,0.002);
#132=CIRCLE('',#1907,0.002);
#133=CIRCLE('',#1908,0.002);
#134=CIRCLE('',#1915,0.002);
#135=CIRCLE('',#1916,0.002);
#136=CIRCLE('',#1919,0.002);
#137=CIRCLE('',#1920,0.002);
#138=CIRCLE('',#1922,0.00200000000000003);
#139=CIRCLE('',#1923,0.00200000000000003);
#140=CIRCLE('',#1926,0.002);
#141=CIRCLE('',#1927,0.002);
#142=CIRCLE('',#1930,0.002);
#143=CIRCLE('',#1931,0.002);
#144=CIRCLE('',#1932,0.002);
#145=CIRCLE('',#1933,0.002);
#146=CIRCLE('',#1935,0.00175);
#147=CIRCLE('',#1936,0.00175);
#148=CIRCLE('',#1939,0.00175);
#149=CIRCLE('',#1940,0.00175);
#150=CIRCLE('',#1943,0.00175);
#151=CIRCLE('',#1944,0.00175);
#152=CIRCLE('',#1947,0.00175);
#153=CIRCLE('',#1948,0.00175);
#154=CIRCLE('',#1951,0.00375);
#155=CIRCLE('',#1954,0.002);
#156=CIRCLE('',#1956,0.00375);
#157=CIRCLE('',#1958,0.002);
#158=CIRCLE('',#1961,0.00375);
#159=CIRCLE('',#1963,0.002);
#160=CIRCLE('',#1965,0.002);
#161=CIRCLE('',#1968,0.00375);
#162=CIRCLE('',#1972,0.002);
#163=CIRCLE('',#1974,0.002);
#164=CIRCLE('',#1976,0.002);
#165=CIRCLE('',#1978,0.002);
#166=CIRCLE('',#1980,0.002);
#167=CIRCLE('',#1982,0.002);
#168=CIRCLE('',#1984,0.002);
#169=CIRCLE('',#1986,0.002);
#170=CIRCLE('',#1989,0.002);
#171=CIRCLE('',#1991,0.002);
#172=CIRCLE('',#1993,0.002);
#173=CIRCLE('',#1994,0.002);
#174=CIRCLE('',#1996,0.002);
#175=CIRCLE('',#1998,0.002);
#176=CIRCLE('',#2000,0.002);
#177=CIRCLE('',#2002,0.002);
#178=CIRCLE('',#2004,0.002);
#179=CIRCLE('',#2006,0.002);
#180=CIRCLE('',#2008,0.002);
#181=CIRCLE('',#2010,0.002);
#182=CIRCLE('',#2017,0.002);
#183=CIRCLE('',#2018,0.002);
#184=CIRCLE('',#2020,0.002);
#185=CIRCLE('',#2021,0.002);
#186=CIRCLE('',#2023,0.002);
#187=CIRCLE('',#2024,0.002);
#188=CIRCLE('',#2026,0.002);
#189=CIRCLE('',#2030,0.002);
#190=CIRCLE('',#2031,0.002);
#191=CIRCLE('',#2035,0.002);
#192=CIRCLE('',#2037,0.002);
#193=CIRCLE('',#2038,0.002);
#194=CIRCLE('',#2040,0.002);
#195=CIRCLE('',#2041,0.002);
#196=CIRCLE('',#2043,0.002);
#197=CIRCLE('',#2047,0.002);
#198=CIRCLE('',#2048,0.002);
#199=CIRCLE('',#2050,0.002);
#200=CIRCLE('',#2053,0.002);
#201=CIRCLE('',#2054,0.002);
#202=CIRCLE('',#2061,0.002);
#203=CIRCLE('',#2064,0.002);
#204=CIRCLE('',#2065,0.002);
#205=CIRCLE('',#2066,0.002);
#206=CIRCLE('',#2068,0.002);
#207=CIRCLE('',#2070,0.002);
#208=CIRCLE('',#2073,0.002);
#209=CIRCLE('',#2075,0.002);
#210=CIRCLE('',#2077,0.002);
#211=CIRCLE('',#2078,0.002);
#212=CIRCLE('',#2080,0.002);
#213=CIRCLE('',#2083,0.002);
#214=CIRCLE('',#2085,0.002);
#215=CIRCLE('',#2086,0.002);
#216=CIRCLE('',#2087,0.002);
#217=CIRCLE('',#2089,0.002);
#218=CIRCLE('',#2091,0.002);
#219=CIRCLE('',#2093,0.002);
#220=CIRCLE('',#2095,0.002);
#221=CIRCLE('',#2097,0.002);
#222=ORIENTED_EDGE('',*,*,#744,.T.);
#223=ORIENTED_EDGE('',*,*,#745,.T.);
#224=ORIENTED_EDGE('',*,*,#746,.T.);
#225=ORIENTED_EDGE('',*,*,#747,.T.);
#226=ORIENTED_EDGE('',*,*,#748,.T.);
#227=ORIENTED_EDGE('',*,*,#749,.T.);
#228=ORIENTED_EDGE('',*,*,#750,.T.);
#229=ORIENTED_EDGE('',*,*,#751,.T.);
#230=ORIENTED_EDGE('',*,*,#752,.F.);
#231=ORIENTED_EDGE('',*,*,#753,.T.);
#232=ORIENTED_EDGE('',*,*,#754,.T.);
#233=ORIENTED_EDGE('',*,*,#755,.T.);
#234=ORIENTED_EDGE('',*,*,#756,.T.);
#235=ORIENTED_EDGE('',*,*,#757,.T.);
#236=ORIENTED_EDGE('',*,*,#758,.F.);
#237=ORIENTED_EDGE('',*,*,#759,.T.);
#238=ORIENTED_EDGE('',*,*,#760,.F.);
#239=ORIENTED_EDGE('',*,*,#761,.T.);
#240=ORIENTED_EDGE('',*,*,#762,.F.);
#241=ORIENTED_EDGE('',*,*,#763,.T.);
#242=ORIENTED_EDGE('',*,*,#764,.F.);
#243=ORIENTED_EDGE('',*,*,#765,.T.);
#244=ORIENTED_EDGE('',*,*,#766,.F.);
#245=ORIENTED_EDGE('',*,*,#767,.F.);
#246=ORIENTED_EDGE('',*,*,#768,.F.);
#247=ORIENTED_EDGE('',*,*,#769,.T.);
#248=ORIENTED_EDGE('',*,*,#770,.T.);
#249=ORIENTED_EDGE('',*,*,#771,.T.);
#250=ORIENTED_EDGE('',*,*,#772,.T.);
#251=ORIENTED_EDGE('',*,*,#773,.T.);
#252=ORIENTED_EDGE('',*,*,#774,.F.);
#253=ORIENTED_EDGE('',*,*,#775,.T.);
#254=ORIENTED_EDGE('',*,*,#776,.F.);
#255=ORIENTED_EDGE('',*,*,#777,.T.);
#256=ORIENTED_EDGE('',*,*,#778,.T.);
#257=ORIENTED_EDGE('',*,*,#779,.F.);
#258=ORIENTED_EDGE('',*,*,#780,.F.);
#259=ORIENTED_EDGE('',*,*,#781,.T.);
#260=ORIENTED_EDGE('',*,*,#782,.T.);
#261=ORIENTED_EDGE('',*,*,#783,.T.);
#262=ORIENTED_EDGE('',*,*,#784,.T.);
#263=ORIENTED_EDGE('',*,*,#785,.T.);
#264=ORIENTED_EDGE('',*,*,#786,.T.);
#265=ORIENTED_EDGE('',*,*,#787,.F.);
#266=ORIENTED_EDGE('',*,*,#788,.F.);
#267=ORIENTED_EDGE('',*,*,#789,.T.);
#268=ORIENTED_EDGE('',*,*,#790,.F.);
#269=ORIENTED_EDGE('',*,*,#791,.T.);
#270=ORIENTED_EDGE('',*,*,#792,.F.);
#271=ORIENTED_EDGE('',*,*,#793,.T.);
#272=ORIENTED_EDGE('',*,*,#794,.F.);
#273=ORIENTED_EDGE('',*,*,#795,.T.);
#274=ORIENTED_EDGE('',*,*,#796,.F.);
#275=ORIENTED_EDGE('',*,*,#797,.T.);
#276=ORIENTED_EDGE('',*,*,#798,.T.);
#277=ORIENTED_EDGE('',*,*,#799,.T.);
#278=ORIENTED_EDGE('',*,*,#800,.T.);
#279=ORIENTED_EDGE('',*,*,#801,.T.);
#280=ORIENTED_EDGE('',*,*,#802,.T.);
#281=ORIENTED_EDGE('',*,*,#803,.T.);
#282=ORIENTED_EDGE('',*,*,#804,.T.);
#283=ORIENTED_EDGE('',*,*,#805,.T.);
#284=ORIENTED_EDGE('',*,*,#806,.F.);
#285=ORIENTED_EDGE('',*,*,#765,.F.);
#286=ORIENTED_EDGE('',*,*,#807,.T.);
#287=ORIENTED_EDGE('',*,*,#797,.F.);
#288=ORIENTED_EDGE('',*,*,#808,.T.);
#289=ORIENTED_EDGE('',*,*,#809,.T.);
#290=ORIENTED_EDGE('',*,*,#810,.T.);
#291=ORIENTED_EDGE('',*,*,#811,.F.);
#292=ORIENTED_EDGE('',*,*,#812,.T.);
#293=ORIENTED_EDGE('',*,*,#813,.F.);
#294=ORIENTED_EDGE('',*,*,#814,.T.);
#295=ORIENTED_EDGE('',*,*,#815,.T.);
#296=ORIENTED_EDGE('',*,*,#816,.T.);
#297=ORIENTED_EDGE('',*,*,#817,.T.);
#298=ORIENTED_EDGE('',*,*,#773,.F.);
#299=ORIENTED_EDGE('',*,*,#818,.T.);
#300=ORIENTED_EDGE('',*,*,#808,.F.);
#301=ORIENTED_EDGE('',*,*,#819,.T.);
#302=ORIENTED_EDGE('',*,*,#820,.T.);
#303=ORIENTED_EDGE('',*,*,#821,.T.);
#304=ORIENTED_EDGE('',*,*,#822,.F.);
#305=ORIENTED_EDGE('',*,*,#823,.T.);
#306=ORIENTED_EDGE('',*,*,#824,.T.);
#307=ORIENTED_EDGE('',*,*,#825,.T.);
#308=ORIENTED_EDGE('',*,*,#826,.F.);
#309=ORIENTED_EDGE('',*,*,#827,.F.);
#310=ORIENTED_EDGE('',*,*,#828,.T.);
#311=ORIENTED_EDGE('',*,*,#829,.T.);
#312=ORIENTED_EDGE('',*,*,#830,.F.);
#313=ORIENTED_EDGE('',*,*,#831,.T.);
#314=ORIENTED_EDGE('',*,*,#832,.T.);
#315=ORIENTED_EDGE('',*,*,#833,.T.);
#316=ORIENTED_EDGE('',*,*,#834,.T.);
#317=ORIENTED_EDGE('',*,*,#835,.T.);
#318=ORIENTED_EDGE('',*,*,#836,.T.);
#319=ORIENTED_EDGE('',*,*,#837,.T.);
#320=ORIENTED_EDGE('',*,*,#838,.F.);
#321=ORIENTED_EDGE('',*,*,#839,.T.);
#322=ORIENTED_EDGE('',*,*,#840,.F.);
#323=ORIENTED_EDGE('',*,*,#841,.T.);
#324=ORIENTED_EDGE('',*,*,#842,.T.);
#325=ORIENTED_EDGE('',*,*,#843,.T.);
#326=ORIENTED_EDGE('',*,*,#844,.T.);
#327=ORIENTED_EDGE('',*,*,#845,.T.);
#328=ORIENTED_EDGE('',*,*,#846,.T.);
#329=ORIENTED_EDGE('',*,*,#847,.T.);
#330=ORIENTED_EDGE('',*,*,#848,.T.);
#331=ORIENTED_EDGE('',*,*,#849,.T.);
#332=ORIENTED_EDGE('',*,*,#850,.F.);
#333=ORIENTED_EDGE('',*,*,#851,.T.);
#334=ORIENTED_EDGE('',*,*,#850,.T.);
#335=ORIENTED_EDGE('',*,*,#852,.T.);
#336=ORIENTED_EDGE('',*,*,#853,.F.);
#337=ORIENTED_EDGE('',*,*,#854,.F.);
#338=ORIENTED_EDGE('',*,*,#853,.T.);
#339=ORIENTED_EDGE('',*,*,#855,.T.);
#340=ORIENTED_EDGE('',*,*,#828,.F.);
#341=ORIENTED_EDGE('',*,*,#856,.T.);
#342=ORIENTED_EDGE('',*,*,#826,.T.);
#343=ORIENTED_EDGE('',*,*,#857,.T.);
#344=ORIENTED_EDGE('',*,*,#858,.F.);
#345=ORIENTED_EDGE('',*,*,#859,.T.);
#346=ORIENTED_EDGE('',*,*,#858,.T.);
#347=ORIENTED_EDGE('',*,*,#860,.T.);
#348=ORIENTED_EDGE('',*,*,#861,.F.);
#349=ORIENTED_EDGE('',*,*,#862,.F.);
#350=ORIENTED_EDGE('',*,*,#861,.T.);
#351=ORIENTED_EDGE('',*,*,#863,.T.);
#352=ORIENTED_EDGE('',*,*,#864,.F.);
#353=ORIENTED_EDGE('',*,*,#865,.T.);
#354=ORIENTED_EDGE('',*,*,#864,.T.);
#355=ORIENTED_EDGE('',*,*,#866,.T.);
#356=ORIENTED_EDGE('',*,*,#848,.F.);
#357=ORIENTED_EDGE('',*,*,#867,.F.);
#358=ORIENTED_EDGE('',*,*,#851,.F.);
#359=ORIENTED_EDGE('',*,*,#854,.T.);
#360=ORIENTED_EDGE('',*,*,#856,.F.);
#361=ORIENTED_EDGE('',*,*,#827,.T.);
#362=ORIENTED_EDGE('',*,*,#859,.F.);
#363=ORIENTED_EDGE('',*,*,#862,.T.);
#364=ORIENTED_EDGE('',*,*,#865,.F.);
#365=ORIENTED_EDGE('',*,*,#867,.T.);
#366=ORIENTED_EDGE('',*,*,#838,.T.);
#367=ORIENTED_EDGE('',*,*,#868,.T.);
#368=ORIENTED_EDGE('',*,*,#840,.T.);
#369=ORIENTED_EDGE('',*,*,#869,.T.);
#370=ORIENTED_EDGE('',*,*,#846,.F.);
#371=ORIENTED_EDGE('',*,*,#870,.T.);
#372=ORIENTED_EDGE('',*,*,#834,.F.);
#373=ORIENTED_EDGE('',*,*,#871,.T.);
#374=ORIENTED_EDGE('',*,*,#872,.F.);
#375=ORIENTED_EDGE('',*,*,#873,.F.);
#376=ORIENTED_EDGE('',*,*,#872,.T.);
#377=ORIENTED_EDGE('',*,*,#751,.F.);
#378=ORIENTED_EDGE('',*,*,#874,.F.);
#379=ORIENTED_EDGE('',*,*,#875,.F.);
#380=ORIENTED_EDGE('',*,*,#874,.T.);
#381=ORIENTED_EDGE('',*,*,#750,.F.);
#382=ORIENTED_EDGE('',*,*,#876,.F.);
#383=ORIENTED_EDGE('',*,*,#877,.F.);
#384=ORIENTED_EDGE('',*,*,#876,.T.);
#385=ORIENTED_EDGE('',*,*,#749,.F.);
#386=ORIENTED_EDGE('',*,*,#878,.F.);
#387=ORIENTED_EDGE('',*,*,#879,.F.);
#388=ORIENTED_EDGE('',*,*,#878,.T.);
#389=ORIENTED_EDGE('',*,*,#748,.F.);
#390=ORIENTED_EDGE('',*,*,#880,.F.);
#391=ORIENTED_EDGE('',*,*,#766,.T.);
#392=ORIENTED_EDGE('',*,*,#879,.T.);
#393=ORIENTED_EDGE('',*,*,#880,.T.);
#394=ORIENTED_EDGE('',*,*,#830,.T.);
#395=ORIENTED_EDGE('',*,*,#881,.T.);
#396=ORIENTED_EDGE('',*,*,#781,.F.);
#397=ORIENTED_EDGE('',*,*,#882,.F.);
#398=ORIENTED_EDGE('',*,*,#883,.T.);
#399=ORIENTED_EDGE('',*,*,#780,.T.);
#400=ORIENTED_EDGE('',*,*,#884,.F.);
#401=ORIENTED_EDGE('',*,*,#885,.F.);
#402=ORIENTED_EDGE('',*,*,#882,.T.);
#403=ORIENTED_EDGE('',*,*,#779,.T.);
#404=ORIENTED_EDGE('',*,*,#886,.T.);
#405=ORIENTED_EDGE('',*,*,#820,.F.);
#406=ORIENTED_EDGE('',*,*,#887,.F.);
#407=ORIENTED_EDGE('',*,*,#884,.T.);
#408=ORIENTED_EDGE('',*,*,#883,.F.);
#409=ORIENTED_EDGE('',*,*,#885,.T.);
#410=ORIENTED_EDGE('',*,*,#887,.T.);
#411=ORIENTED_EDGE('',*,*,#831,.F.);
#412=ORIENTED_EDGE('',*,*,#877,.T.);
#413=ORIENTED_EDGE('',*,*,#776,.T.);
#414=ORIENTED_EDGE('',*,*,#888,.T.);
#415=ORIENTED_EDGE('',*,*,#788,.T.);
#416=ORIENTED_EDGE('',*,*,#889,.F.);
#417=ORIENTED_EDGE('',*,*,#890,.F.);
#418=ORIENTED_EDGE('',*,*,#891,.T.);
#419=ORIENTED_EDGE('',*,*,#787,.T.);
#420=ORIENTED_EDGE('',*,*,#892,.T.);
#421=ORIENTED_EDGE('',*,*,#824,.F.);
#422=ORIENTED_EDGE('',*,*,#893,.F.);
#423=ORIENTED_EDGE('',*,*,#889,.T.);
#424=ORIENTED_EDGE('',*,*,#822,.T.);
#425=ORIENTED_EDGE('',*,*,#894,.T.);
#426=ORIENTED_EDGE('',*,*,#777,.F.);
#427=ORIENTED_EDGE('',*,*,#891,.F.);
#428=ORIENTED_EDGE('',*,*,#895,.T.);
#429=ORIENTED_EDGE('',*,*,#875,.T.);
#430=ORIENTED_EDGE('',*,*,#890,.T.);
#431=ORIENTED_EDGE('',*,*,#893,.T.);
#432=ORIENTED_EDGE('',*,*,#823,.F.);
#433=ORIENTED_EDGE('',*,*,#895,.F.);
#434=ORIENTED_EDGE('',*,*,#896,.F.);
#435=ORIENTED_EDGE('',*,*,#767,.T.);
#436=ORIENTED_EDGE('',*,*,#873,.T.);
#437=ORIENTED_EDGE('',*,*,#896,.T.);
#438=ORIENTED_EDGE('',*,*,#886,.F.);
#439=ORIENTED_EDGE('',*,*,#778,.F.);
#440=ORIENTED_EDGE('',*,*,#894,.F.);
#441=ORIENTED_EDGE('',*,*,#821,.F.);
#442=ORIENTED_EDGE('',*,*,#897,.F.);
#443=ORIENTED_EDGE('',*,*,#825,.F.);
#444=ORIENTED_EDGE('',*,*,#892,.F.);
#445=ORIENTED_EDGE('',*,*,#786,.F.);
#446=ORIENTED_EDGE('',*,*,#857,.F.);
#447=ORIENTED_EDGE('',*,*,#897,.T.);
#448=ORIENTED_EDGE('',*,*,#898,.F.);
#449=ORIENTED_EDGE('',*,*,#899,.F.);
#450=ORIENTED_EDGE('',*,*,#860,.F.);
#451=ORIENTED_EDGE('',*,*,#898,.T.);
#452=ORIENTED_EDGE('',*,*,#785,.F.);
#453=ORIENTED_EDGE('',*,*,#863,.F.);
#454=ORIENTED_EDGE('',*,*,#899,.T.);
#455=ORIENTED_EDGE('',*,*,#900,.F.);
#456=ORIENTED_EDGE('',*,*,#901,.F.);
#457=ORIENTED_EDGE('',*,*,#866,.F.);
#458=ORIENTED_EDGE('',*,*,#900,.T.);
#459=ORIENTED_EDGE('',*,*,#784,.F.);
#460=ORIENTED_EDGE('',*,*,#849,.F.);
#461=ORIENTED_EDGE('',*,*,#901,.T.);
#462=ORIENTED_EDGE('',*,*,#902,.F.);
#463=ORIENTED_EDGE('',*,*,#903,.F.);
#464=ORIENTED_EDGE('',*,*,#852,.F.);
#465=ORIENTED_EDGE('',*,*,#902,.T.);
#466=ORIENTED_EDGE('',*,*,#783,.F.);
#467=ORIENTED_EDGE('',*,*,#855,.F.);
#468=ORIENTED_EDGE('',*,*,#903,.T.);
#469=ORIENTED_EDGE('',*,*,#904,.F.);
#470=ORIENTED_EDGE('',*,*,#904,.T.);
#471=ORIENTED_EDGE('',*,*,#782,.F.);
#472=ORIENTED_EDGE('',*,*,#881,.F.);
#473=ORIENTED_EDGE('',*,*,#829,.F.);
#474=ORIENTED_EDGE('',*,*,#870,.F.);
#475=ORIENTED_EDGE('',*,*,#845,.F.);
#476=ORIENTED_EDGE('',*,*,#905,.F.);
#477=ORIENTED_EDGE('',*,*,#835,.F.);
#478=ORIENTED_EDGE('',*,*,#869,.F.);
#479=ORIENTED_EDGE('',*,*,#843,.F.);
#480=ORIENTED_EDGE('',*,*,#906,.F.);
#481=ORIENTED_EDGE('',*,*,#847,.F.);
#482=ORIENTED_EDGE('',*,*,#907,.F.);
#483=ORIENTED_EDGE('',*,*,#844,.F.);
#484=ORIENTED_EDGE('',*,*,#908,.F.);
#485=ORIENTED_EDGE('',*,*,#747,.F.);
#486=ORIENTED_EDGE('',*,*,#905,.T.);
#487=ORIENTED_EDGE('',*,*,#907,.T.);
#488=ORIENTED_EDGE('',*,*,#909,.F.);
#489=ORIENTED_EDGE('',*,*,#908,.T.);
#490=ORIENTED_EDGE('',*,*,#906,.T.);
#491=ORIENTED_EDGE('',*,*,#910,.F.);
#492=ORIENTED_EDGE('',*,*,#909,.T.);
#493=ORIENTED_EDGE('',*,*,#746,.F.);
#494=ORIENTED_EDGE('',*,*,#911,.F.);
#495=ORIENTED_EDGE('',*,*,#832,.F.);
#496=ORIENTED_EDGE('',*,*,#871,.F.);
#497=ORIENTED_EDGE('',*,*,#833,.F.);
#498=ORIENTED_EDGE('',*,*,#912,.F.);
#499=ORIENTED_EDGE('',*,*,#839,.F.);
#500=ORIENTED_EDGE('',*,*,#868,.F.);
#501=ORIENTED_EDGE('',*,*,#837,.F.);
#502=ORIENTED_EDGE('',*,*,#913,.F.);
#503=ORIENTED_EDGE('',*,*,#841,.F.);
#504=ORIENTED_EDGE('',*,*,#910,.T.);
#505=ORIENTED_EDGE('',*,*,#842,.F.);
#506=ORIENTED_EDGE('',*,*,#914,.F.);
#507=ORIENTED_EDGE('',*,*,#744,.F.);
#508=ORIENTED_EDGE('',*,*,#912,.T.);
#509=ORIENTED_EDGE('',*,*,#911,.T.);
#510=ORIENTED_EDGE('',*,*,#915,.F.);
#511=ORIENTED_EDGE('',*,*,#914,.T.);
#512=ORIENTED_EDGE('',*,*,#913,.T.);
#513=ORIENTED_EDGE('',*,*,#916,.F.);
#514=ORIENTED_EDGE('',*,*,#915,.T.);
#515=ORIENTED_EDGE('',*,*,#745,.F.);
#516=ORIENTED_EDGE('',*,*,#916,.T.);
#517=ORIENTED_EDGE('',*,*,#836,.F.);
#518=ORIENTED_EDGE('',*,*,#917,.T.);
#519=ORIENTED_EDGE('',*,*,#918,.T.);
#520=ORIENTED_EDGE('',*,*,#919,.T.);
#521=ORIENTED_EDGE('',*,*,#920,.T.);
#522=ORIENTED_EDGE('',*,*,#921,.T.);
#523=ORIENTED_EDGE('',*,*,#922,.T.);
#524=ORIENTED_EDGE('',*,*,#923,.T.);
#525=ORIENTED_EDGE('',*,*,#924,.T.);
#526=ORIENTED_EDGE('',*,*,#925,.T.);
#527=ORIENTED_EDGE('',*,*,#926,.T.);
#528=ORIENTED_EDGE('',*,*,#927,.T.);
#529=ORIENTED_EDGE('',*,*,#928,.T.);
#530=ORIENTED_EDGE('',*,*,#929,.T.);
#531=ORIENTED_EDGE('',*,*,#930,.T.);
#532=ORIENTED_EDGE('',*,*,#931,.T.);
#533=ORIENTED_EDGE('',*,*,#932,.T.);
#534=ORIENTED_EDGE('',*,*,#933,.F.);
#535=ORIENTED_EDGE('',*,*,#932,.F.);
#536=ORIENTED_EDGE('',*,*,#934,.F.);
#537=ORIENTED_EDGE('',*,*,#920,.F.);
#538=ORIENTED_EDGE('',*,*,#935,.F.);
#539=ORIENTED_EDGE('',*,*,#933,.T.);
#540=ORIENTED_EDGE('',*,*,#936,.F.);
#541=ORIENTED_EDGE('',*,*,#937,.F.);
#542=ORIENTED_EDGE('',*,*,#934,.T.);
#543=ORIENTED_EDGE('',*,*,#938,.F.);
#544=ORIENTED_EDGE('',*,*,#936,.T.);
#545=ORIENTED_EDGE('',*,*,#919,.F.);
#546=ORIENTED_EDGE('',*,*,#939,.F.);
#547=ORIENTED_EDGE('',*,*,#799,.F.);
#548=ORIENTED_EDGE('',*,*,#935,.T.);
#549=ORIENTED_EDGE('',*,*,#798,.F.);
#550=ORIENTED_EDGE('',*,*,#940,.F.);
#551=ORIENTED_EDGE('',*,*,#929,.F.);
#552=ORIENTED_EDGE('',*,*,#941,.F.);
#553=ORIENTED_EDGE('',*,*,#930,.F.);
#554=ORIENTED_EDGE('',*,*,#942,.F.);
#555=ORIENTED_EDGE('',*,*,#763,.F.);
#556=ORIENTED_EDGE('',*,*,#938,.T.);
#557=ORIENTED_EDGE('',*,*,#931,.F.);
#558=ORIENTED_EDGE('',*,*,#943,.F.);
#559=ORIENTED_EDGE('',*,*,#925,.F.);
#560=ORIENTED_EDGE('',*,*,#937,.T.);
#561=ORIENTED_EDGE('',*,*,#928,.F.);
#562=ORIENTED_EDGE('',*,*,#944,.F.);
#563=ORIENTED_EDGE('',*,*,#917,.F.);
#564=ORIENTED_EDGE('',*,*,#945,.F.);
#565=ORIENTED_EDGE('',*,*,#918,.F.);
#566=ORIENTED_EDGE('',*,*,#946,.F.);
#567=ORIENTED_EDGE('',*,*,#924,.F.);
#568=ORIENTED_EDGE('',*,*,#939,.T.);
#569=ORIENTED_EDGE('',*,*,#945,.T.);
#570=ORIENTED_EDGE('',*,*,#947,.F.);
#571=ORIENTED_EDGE('',*,*,#942,.T.);
#572=ORIENTED_EDGE('',*,*,#940,.T.);
#573=ORIENTED_EDGE('',*,*,#807,.F.);
#574=ORIENTED_EDGE('',*,*,#764,.T.);
#575=ORIENTED_EDGE('',*,*,#941,.T.);
#576=ORIENTED_EDGE('',*,*,#762,.T.);
#577=ORIENTED_EDGE('',*,*,#948,.F.);
#578=ORIENTED_EDGE('',*,*,#943,.T.);
#579=ORIENTED_EDGE('',*,*,#946,.T.);
#580=ORIENTED_EDGE('',*,*,#944,.T.);
#581=ORIENTED_EDGE('',*,*,#949,.F.);
#582=ORIENTED_EDGE('',*,*,#947,.T.);
#583=ORIENTED_EDGE('',*,*,#923,.F.);
#584=ORIENTED_EDGE('',*,*,#950,.F.);
#585=ORIENTED_EDGE('',*,*,#800,.F.);
#586=ORIENTED_EDGE('',*,*,#757,.F.);
#587=ORIENTED_EDGE('',*,*,#951,.T.);
#588=ORIENTED_EDGE('',*,*,#801,.F.);
#589=ORIENTED_EDGE('',*,*,#952,.F.);
#590=ORIENTED_EDGE('',*,*,#948,.T.);
#591=ORIENTED_EDGE('',*,*,#761,.F.);
#592=ORIENTED_EDGE('',*,*,#953,.F.);
#593=ORIENTED_EDGE('',*,*,#926,.F.);
#594=ORIENTED_EDGE('',*,*,#949,.T.);
#595=ORIENTED_EDGE('',*,*,#927,.F.);
#596=ORIENTED_EDGE('',*,*,#954,.F.);
#597=ORIENTED_EDGE('',*,*,#921,.F.);
#598=ORIENTED_EDGE('',*,*,#952,.T.);
#599=ORIENTED_EDGE('',*,*,#950,.T.);
#600=ORIENTED_EDGE('',*,*,#955,.F.);
#601=ORIENTED_EDGE('',*,*,#758,.T.);
#602=ORIENTED_EDGE('',*,*,#953,.T.);
#603=ORIENTED_EDGE('',*,*,#760,.T.);
#604=ORIENTED_EDGE('',*,*,#956,.F.);
#605=ORIENTED_EDGE('',*,*,#954,.T.);
#606=ORIENTED_EDGE('',*,*,#955,.T.);
#607=ORIENTED_EDGE('',*,*,#922,.F.);
#608=ORIENTED_EDGE('',*,*,#956,.T.);
#609=ORIENTED_EDGE('',*,*,#759,.F.);
#610=ORIENTED_EDGE('',*,*,#957,.T.);
#611=ORIENTED_EDGE('',*,*,#958,.T.);
#612=ORIENTED_EDGE('',*,*,#959,.T.);
#613=ORIENTED_EDGE('',*,*,#960,.T.);
#614=ORIENTED_EDGE('',*,*,#961,.T.);
#615=ORIENTED_EDGE('',*,*,#962,.T.);
#616=ORIENTED_EDGE('',*,*,#963,.T.);
#617=ORIENTED_EDGE('',*,*,#964,.T.);
#618=ORIENTED_EDGE('',*,*,#965,.T.);
#619=ORIENTED_EDGE('',*,*,#966,.T.);
#620=ORIENTED_EDGE('',*,*,#967,.T.);
#621=ORIENTED_EDGE('',*,*,#968,.T.);
#622=ORIENTED_EDGE('',*,*,#969,.T.);
#623=ORIENTED_EDGE('',*,*,#970,.T.);
#624=ORIENTED_EDGE('',*,*,#971,.T.);
#625=ORIENTED_EDGE('',*,*,#972,.T.);
#626=ORIENTED_EDGE('',*,*,#973,.F.);
#627=ORIENTED_EDGE('',*,*,#972,.F.);
#628=ORIENTED_EDGE('',*,*,#974,.F.);
#629=ORIENTED_EDGE('',*,*,#817,.F.);
#630=ORIENTED_EDGE('',*,*,#975,.F.);
#631=ORIENTED_EDGE('',*,*,#973,.T.);
#632=ORIENTED_EDGE('',*,*,#976,.F.);
#633=ORIENTED_EDGE('',*,*,#819,.F.);
#634=ORIENTED_EDGE('',*,*,#974,.T.);
#635=ORIENTED_EDGE('',*,*,#977,.F.);
#636=ORIENTED_EDGE('',*,*,#774,.T.);
#637=ORIENTED_EDGE('',*,*,#976,.T.);
#638=ORIENTED_EDGE('',*,*,#816,.F.);
#639=ORIENTED_EDGE('',*,*,#978,.F.);
#640=ORIENTED_EDGE('',*,*,#960,.F.);
#641=ORIENTED_EDGE('',*,*,#975,.T.);
#642=ORIENTED_EDGE('',*,*,#959,.F.);
#643=ORIENTED_EDGE('',*,*,#979,.F.);
#644=ORIENTED_EDGE('',*,*,#969,.F.);
#645=ORIENTED_EDGE('',*,*,#980,.F.);
#646=ORIENTED_EDGE('',*,*,#970,.F.);
#647=ORIENTED_EDGE('',*,*,#981,.F.);
#648=ORIENTED_EDGE('',*,*,#968,.F.);
#649=ORIENTED_EDGE('',*,*,#977,.T.);
#650=ORIENTED_EDGE('',*,*,#971,.F.);
#651=ORIENTED_EDGE('',*,*,#982,.F.);
#652=ORIENTED_EDGE('',*,*,#789,.F.);
#653=ORIENTED_EDGE('',*,*,#888,.F.);
#654=ORIENTED_EDGE('',*,*,#775,.F.);
#655=ORIENTED_EDGE('',*,*,#983,.F.);
#656=ORIENTED_EDGE('',*,*,#795,.F.);
#657=ORIENTED_EDGE('',*,*,#984,.F.);
#658=ORIENTED_EDGE('',*,*,#814,.F.);
#659=ORIENTED_EDGE('',*,*,#985,.F.);
#660=ORIENTED_EDGE('',*,*,#815,.F.);
#661=ORIENTED_EDGE('',*,*,#986,.F.);
#662=ORIENTED_EDGE('',*,*,#964,.F.);
#663=ORIENTED_EDGE('',*,*,#978,.T.);
#664=ORIENTED_EDGE('',*,*,#985,.T.);
#665=ORIENTED_EDGE('',*,*,#987,.F.);
#666=ORIENTED_EDGE('',*,*,#981,.T.);
#667=ORIENTED_EDGE('',*,*,#979,.T.);
#668=ORIENTED_EDGE('',*,*,#988,.F.);
#669=ORIENTED_EDGE('',*,*,#982,.T.);
#670=ORIENTED_EDGE('',*,*,#980,.T.);
#671=ORIENTED_EDGE('',*,*,#989,.F.);
#672=ORIENTED_EDGE('',*,*,#790,.T.);
#673=ORIENTED_EDGE('',*,*,#984,.T.);
#674=ORIENTED_EDGE('',*,*,#794,.T.);
#675=ORIENTED_EDGE('',*,*,#990,.F.);
#676=ORIENTED_EDGE('',*,*,#986,.T.);
#677=ORIENTED_EDGE('',*,*,#987,.T.);
#678=ORIENTED_EDGE('',*,*,#963,.F.);
#679=ORIENTED_EDGE('',*,*,#991,.F.);
#680=ORIENTED_EDGE('',*,*,#957,.F.);
#681=ORIENTED_EDGE('',*,*,#988,.T.);
#682=ORIENTED_EDGE('',*,*,#958,.F.);
#683=ORIENTED_EDGE('',*,*,#992,.F.);
#684=ORIENTED_EDGE('',*,*,#965,.F.);
#685=ORIENTED_EDGE('',*,*,#989,.T.);
#686=ORIENTED_EDGE('',*,*,#967,.F.);
#687=ORIENTED_EDGE('',*,*,#993,.F.);
#688=ORIENTED_EDGE('',*,*,#791,.F.);
#689=ORIENTED_EDGE('',*,*,#990,.T.);
#690=ORIENTED_EDGE('',*,*,#793,.F.);
#691=ORIENTED_EDGE('',*,*,#994,.F.);
#692=ORIENTED_EDGE('',*,*,#961,.F.);
#693=ORIENTED_EDGE('',*,*,#992,.T.);
#694=ORIENTED_EDGE('',*,*,#991,.T.);
#695=ORIENTED_EDGE('',*,*,#995,.F.);
#696=ORIENTED_EDGE('',*,*,#792,.T.);
#697=ORIENTED_EDGE('',*,*,#993,.T.);
#698=ORIENTED_EDGE('',*,*,#996,.F.);
#699=ORIENTED_EDGE('',*,*,#994,.T.);
#700=ORIENTED_EDGE('',*,*,#995,.T.);
#701=ORIENTED_EDGE('',*,*,#962,.F.);
#702=ORIENTED_EDGE('',*,*,#996,.T.);
#703=ORIENTED_EDGE('',*,*,#966,.F.);
#704=ORIENTED_EDGE('',*,*,#811,.T.);
#705=ORIENTED_EDGE('',*,*,#997,.T.);
#706=ORIENTED_EDGE('',*,*,#804,.F.);
#707=ORIENTED_EDGE('',*,*,#998,.T.);
#708=ORIENTED_EDGE('',*,*,#772,.F.);
#709=ORIENTED_EDGE('',*,*,#999,.T.);
#710=ORIENTED_EDGE('',*,*,#752,.T.);
#711=ORIENTED_EDGE('',*,*,#806,.T.);
#712=ORIENTED_EDGE('',*,*,#796,.T.);
#713=ORIENTED_EDGE('',*,*,#1000,.T.);
#714=ORIENTED_EDGE('',*,*,#809,.F.);
#715=ORIENTED_EDGE('',*,*,#818,.F.);
#716=ORIENTED_EDGE('',*,*,#756,.F.);
#717=ORIENTED_EDGE('',*,*,#1001,.T.);
#718=ORIENTED_EDGE('',*,*,#768,.T.);
#719=ORIENTED_EDGE('',*,*,#983,.T.);
#720=ORIENTED_EDGE('',*,*,#813,.T.);
#721=ORIENTED_EDGE('',*,*,#1002,.T.);
#722=ORIENTED_EDGE('',*,*,#802,.F.);
#723=ORIENTED_EDGE('',*,*,#951,.F.);
#724=ORIENTED_EDGE('',*,*,#770,.F.);
#725=ORIENTED_EDGE('',*,*,#1003,.T.);
#726=ORIENTED_EDGE('',*,*,#754,.F.);
#727=ORIENTED_EDGE('',*,*,#1004,.T.);
#728=ORIENTED_EDGE('',*,*,#755,.F.);
#729=ORIENTED_EDGE('',*,*,#1003,.F.);
#730=ORIENTED_EDGE('',*,*,#769,.F.);
#731=ORIENTED_EDGE('',*,*,#1001,.F.);
#732=ORIENTED_EDGE('',*,*,#771,.F.);
#733=ORIENTED_EDGE('',*,*,#1004,.F.);
#734=ORIENTED_EDGE('',*,*,#753,.F.);
#735=ORIENTED_EDGE('',*,*,#999,.F.);
#736=ORIENTED_EDGE('',*,*,#810,.F.);
#737=ORIENTED_EDGE('',*,*,#1000,.F.);
#738=ORIENTED_EDGE('',*,*,#805,.F.);
#739=ORIENTED_EDGE('',*,*,#997,.F.);
#740=ORIENTED_EDGE('',*,*,#812,.F.);
#741=ORIENTED_EDGE('',*,*,#998,.F.);
#742=ORIENTED_EDGE('',*,*,#803,.F.);
#743=ORIENTED_EDGE('',*,*,#1002,.F.);
#744=EDGE_CURVE('',#1005,#1006,#1163,.F.);
#745=EDGE_CURVE('',#1006,#1007,#1164,.F.);
#746=EDGE_CURVE('',#1007,#1008,#1165,.T.);
#747=EDGE_CURVE('',#1008,#1005,#1166,.T.);
#748=EDGE_CURVE('',#1009,#1009,#121,.T.);
#749=EDGE_CURVE('',#1010,#1010,#122,.T.);
#750=EDGE_CURVE('',#1011,#1011,#123,.T.);
#751=EDGE_CURVE('',#1012,#1012,#124,.T.);
#752=EDGE_CURVE('',#1013,#1014,#1167,.T.);
#753=EDGE_CURVE('',#1013,#1015,#97,.T.);
#754=EDGE_CURVE('',#1015,#1016,#1168,.T.);
#755=EDGE_CURVE('',#1016,#1017,#98,.T.);
#756=EDGE_CURVE('',#1017,#1018,#1169,.T.);
#757=EDGE_CURVE('',#1018,#1019,#1170,.F.);
#758=EDGE_CURVE('',#1020,#1019,#99,.F.);
#759=EDGE_CURVE('',#1020,#1021,#1171,.T.);
#760=EDGE_CURVE('',#1022,#1021,#100,.F.);
#761=EDGE_CURVE('',#1022,#1023,#1172,.T.);
#762=EDGE_CURVE('',#1024,#1023,#101,.F.);
#763=EDGE_CURVE('',#1024,#1025,#1173,.F.);
#764=EDGE_CURVE('',#1026,#1025,#102,.F.);
#765=EDGE_CURVE('',#1026,#1014,#1174,.F.);
#766=EDGE_CURVE('',#1027,#1027,#125,.T.);
#767=EDGE_CURVE('',#1028,#1028,#126,.T.);
#768=EDGE_CURVE('',#1029,#1030,#1175,.T.);
#769=EDGE_CURVE('',#1029,#1031,#103,.F.);
#770=EDGE_CURVE('',#1031,#1032,#1176,.T.);
#771=EDGE_CURVE('',#1032,#1033,#104,.F.);
#772=EDGE_CURVE('',#1033,#1034,#1177,.T.);
#773=EDGE_CURVE('',#1034,#1035,#1178,.F.);
#774=EDGE_CURVE('',#1036,#1035,#105,.T.);
#775=EDGE_CURVE('',#1036,#1037,#1179,.F.);
#776=EDGE_CURVE('',#1038,#1037,#127,.T.);
#777=EDGE_CURVE('',#1038,#1039,#1180,.T.);
#778=EDGE_CURVE('',#1039,#1040,#1181,.F.);
#779=EDGE_CURVE('',#1041,#1040,#1182,.T.);
#780=EDGE_CURVE('',#1042,#1041,#128,.T.);
#781=EDGE_CURVE('',#1042,#1043,#1183,.T.);
#782=EDGE_CURVE('',#1043,#1044,#1184,.F.);
#783=EDGE_CURVE('',#1044,#1045,#1185,.F.);
#784=EDGE_CURVE('',#1045,#1046,#1186,.F.);
#785=EDGE_CURVE('',#1046,#1047,#1187,.F.);
#786=EDGE_CURVE('',#1047,#1048,#1188,.F.);
#787=EDGE_CURVE('',#1049,#1048,#1189,.T.);
#788=EDGE_CURVE('',#1050,#1049,#129,.T.);
#789=EDGE_CURVE('',#1050,#1051,#1190,.F.);
#790=EDGE_CURVE('',#1052,#1051,#106,.T.);
#791=EDGE_CURVE('',#1052,#1053,#1191,.T.);
#792=EDGE_CURVE('',#1054,#1053,#107,.T.);
#793=EDGE_CURVE('',#1054,#1055,#1192,.T.);
#794=EDGE_CURVE('',#1056,#1055,#108,.T.);
#795=EDGE_CURVE('',#1056,#1030,#1193,.F.);
#796=EDGE_CURVE('',#1057,#1058,#1194,.F.);
#797=EDGE_CURVE('',#1057,#1059,#1195,.F.);
#798=EDGE_CURVE('',#1059,#1060,#1196,.T.);
#799=EDGE_CURVE('',#1060,#1061,#1197,.F.);
#800=EDGE_CURVE('',#1061,#1062,#1198,.T.);
#801=EDGE_CURVE('',#1062,#1063,#1199,.F.);
#802=EDGE_CURVE('',#1063,#1064,#1200,.F.);
#803=EDGE_CURVE('',#1064,#1065,#109,.F.);
#804=EDGE_CURVE('',#1065,#1066,#1201,.F.);
#805=EDGE_CURVE('',#1066,#1058,#110,.F.);
#806=EDGE_CURVE('',#1014,#1057,#130,.F.);
#807=EDGE_CURVE('',#1026,#1059,#131,.F.);
#808=EDGE_CURVE('',#1067,#1068,#1202,.F.);
#809=EDGE_CURVE('',#1068,#1069,#1203,.F.);
#810=EDGE_CURVE('',#1069,#1070,#111,.T.);
#811=EDGE_CURVE('',#1071,#1070,#1204,.F.);
#812=EDGE_CURVE('',#1071,#1072,#112,.T.);
#813=EDGE_CURVE('',#1073,#1072,#1205,.F.);
#814=EDGE_CURVE('',#1073,#1074,#1206,.F.);
#815=EDGE_CURVE('',#1074,#1075,#1207,.T.);
#816=EDGE_CURVE('',#1075,#1076,#1208,.T.);
#817=EDGE_CURVE('',#1076,#1067,#1209,.T.);
#818=EDGE_CURVE('',#1034,#1068,#132,.F.);
#819=EDGE_CURVE('',#1067,#1035,#133,.F.);
#820=EDGE_CURVE('',#1077,#1078,#1210,.T.);
#821=EDGE_CURVE('',#1078,#1079,#1211,.T.);
#822=EDGE_CURVE('',#1080,#1079,#1212,.T.);
#823=EDGE_CURVE('',#1080,#1081,#1213,.T.);
#824=EDGE_CURVE('',#1081,#1082,#1214,.T.);
#825=EDGE_CURVE('',#1082,#1083,#1215,.T.);
#826=EDGE_CURVE('',#1084,#1083,#1216,.T.);
#827=EDGE_CURVE('',#1085,#1084,#1217,.T.);
#828=EDGE_CURVE('',#1085,#1086,#1218,.T.);
#829=EDGE_CURVE('',#1086,#1087,#1219,.T.);
#830=EDGE_CURVE('',#1088,#1087,#1220,.T.);
#831=EDGE_CURVE('',#1088,#1077,#1221,.T.);
#832=EDGE_CURVE('',#1089,#1090,#1222,.F.);
#833=EDGE_CURVE('',#1090,#1091,#1223,.F.);
#834=EDGE_CURVE('',#1091,#1092,#1224,.T.);
#835=EDGE_CURVE('',#1092,#1089,#1225,.T.);
#836=EDGE_CURVE('',#1093,#1094,#1226,.T.);
#837=EDGE_CURVE('',#1094,#1095,#1227,.F.);
#838=EDGE_CURVE('',#1096,#1095,#1228,.T.);
#839=EDGE_CURVE('',#1096,#1093,#1229,.T.);
#840=EDGE_CURVE('',#1097,#1098,#1230,.T.);
#841=EDGE_CURVE('',#1097,#1099,#1231,.T.);
#842=EDGE_CURVE('',#1099,#1100,#1232,.T.);
#843=EDGE_CURVE('',#1100,#1098,#1233,.F.);
#844=EDGE_CURVE('',#1101,#1102,#1234,.F.);
#845=EDGE_CURVE('',#1102,#1103,#1235,.F.);
#846=EDGE_CURVE('',#1103,#1104,#1236,.T.);
#847=EDGE_CURVE('',#1104,#1101,#1237,.T.);
#848=EDGE_CURVE('',#1105,#1106,#1238,.T.);
#849=EDGE_CURVE('',#1106,#1107,#134,.T.);
#850=EDGE_CURVE('',#1108,#1107,#1239,.T.);
#851=EDGE_CURVE('',#1108,#1105,#135,.T.);
#852=EDGE_CURVE('',#1107,#1109,#1240,.T.);
#853=EDGE_CURVE('',#1110,#1109,#1241,.T.);
#854=EDGE_CURVE('',#1108,#1110,#1242,.T.);
#855=EDGE_CURVE('',#1109,#1086,#136,.T.);
#856=EDGE_CURVE('',#1085,#1110,#137,.T.);
#857=EDGE_CURVE('',#1083,#1111,#138,.T.);
#858=EDGE_CURVE('',#1112,#1111,#1243,.T.);
#859=EDGE_CURVE('',#1112,#1084,#139,.T.);
#860=EDGE_CURVE('',#1111,#1113,#1244,.T.);
#861=EDGE_CURVE('',#1114,#1113,#1245,.T.);
#862=EDGE_CURVE('',#1112,#1114,#1246,.T.);
#863=EDGE_CURVE('',#1113,#1115,#140,.T.);
#864=EDGE_CURVE('',#1116,#1115,#1247,.T.);
#865=EDGE_CURVE('',#1116,#1114,#141,.T.);
#866=EDGE_CURVE('',#1115,#1106,#1248,.T.);
#867=EDGE_CURVE('',#1116,#1105,#1249,.T.);
#868=EDGE_CURVE('',#1095,#1097,#142,.T.);
#869=EDGE_CURVE('',#1098,#1104,#143,.T.);
#870=EDGE_CURVE('',#1103,#1092,#144,.T.);
#871=EDGE_CURVE('',#1091,#1096,#145,.T.);
#872=EDGE_CURVE('',#1117,#1117,#146,.T.);
#873=EDGE_CURVE('',#1118,#1118,#147,.F.);
#874=EDGE_CURVE('',#1119,#1119,#148,.T.);
#875=EDGE_CURVE('',#1120,#1120,#149,.F.);
#876=EDGE_CURVE('',#1121,#1121,#150,.T.);
#877=EDGE_CURVE('',#1122,#1122,#151,.F.);
#878=EDGE_CURVE('',#1123,#1123,#152,.T.);
#879=EDGE_CURVE('',#1124,#1124,#153,.F.);
#880=EDGE_CURVE('',#1125,#1125,#154,.T.);
#881=EDGE_CURVE('',#1087,#1043,#155,.T.);
#882=EDGE_CURVE('',#1126,#1042,#1250,.T.);
#883=EDGE_CURVE('',#1126,#1088,#1251,.T.);
#884=EDGE_CURVE('',#1127,#1041,#1252,.T.);
#885=EDGE_CURVE('',#1126,#1127,#156,.T.);
#886=EDGE_CURVE('',#1040,#1078,#157,.F.);
#887=EDGE_CURVE('',#1127,#1077,#1253,.T.);
#888=EDGE_CURVE('',#1037,#1050,#36,.T.);
#889=EDGE_CURVE('',#1128,#1049,#1254,.T.);
#890=EDGE_CURVE('',#1129,#1128,#158,.T.);
#891=EDGE_CURVE('',#1129,#1038,#1255,.T.);
#892=EDGE_CURVE('',#1048,#1082,#159,.F.);
#893=EDGE_CURVE('',#1128,#1081,#1256,.T.);
#894=EDGE_CURVE('',#1079,#1039,#160,.T.);
#895=EDGE_CURVE('',#1129,#1080,#1257,.T.);
#896=EDGE_CURVE('',#1130,#1130,#161,.T.);
#897=EDGE_CURVE('',#1083,#1047,#162,.T.);
#898=EDGE_CURVE('',#1111,#1047,#163,.T.);
#899=EDGE_CURVE('',#1113,#1046,#164,.T.);
#900=EDGE_CURVE('',#1115,#1046,#165,.T.);
#901=EDGE_CURVE('',#1106,#1045,#166,.T.);
#902=EDGE_CURVE('',#1107,#1045,#167,.T.);
#903=EDGE_CURVE('',#1109,#1044,#168,.T.);
#904=EDGE_CURVE('',#1086,#1044,#169,.T.);
#905=EDGE_CURVE('',#1089,#1102,#170,.T.);
#906=EDGE_CURVE('',#1101,#1100,#171,.T.);
#907=EDGE_CURVE('',#1102,#1008,#172,.T.);
#908=EDGE_CURVE('',#1005,#1101,#173,.T.);
#909=EDGE_CURVE('',#1089,#1008,#174,.F.);
#910=EDGE_CURVE('',#1005,#1100,#175,.F.);
#911=EDGE_CURVE('',#1090,#1007,#176,.T.);
#912=EDGE_CURVE('',#1093,#1090,#177,.T.);
#913=EDGE_CURVE('',#1099,#1094,#178,.T.);
#914=EDGE_CURVE('',#1006,#1099,#179,.T.);
#915=EDGE_CURVE('',#1093,#1007,#180,.F.);
#916=EDGE_CURVE('',#1006,#1094,#181,.F.);
#917=EDGE_CURVE('',#1131,#1132,#1258,.F.);
#918=EDGE_CURVE('',#1132,#1133,#1259,.F.);
#919=EDGE_CURVE('',#1133,#1134,#1260,.F.);
#920=EDGE_CURVE('',#1134,#1131,#1261,.F.);
#921=EDGE_CURVE('',#1135,#1136,#1262,.F.);
#922=EDGE_CURVE('',#1136,#1137,#1263,.F.);
#923=EDGE_CURVE('',#1137,#1138,#1264,.T.);
#924=EDGE_CURVE('',#1138,#1135,#1265,.T.);
#925=EDGE_CURVE('',#1139,#1140,#1266,.T.);
#926=EDGE_CURVE('',#1140,#1141,#1267,.F.);
#927=EDGE_CURVE('',#1141,#1142,#1268,.T.);
#928=EDGE_CURVE('',#1142,#1139,#1269,.T.);
#929=EDGE_CURVE('',#1143,#1144,#1270,.F.);
#930=EDGE_CURVE('',#1144,#1145,#1271,.F.);
#931=EDGE_CURVE('',#1145,#1146,#1272,.T.);
#932=EDGE_CURVE('',#1146,#1143,#1273,.F.);
#933=EDGE_CURVE('',#1143,#1134,#182,.T.);
#934=EDGE_CURVE('',#1131,#1146,#183,.T.);
#935=EDGE_CURVE('',#1143,#1060,#184,.F.);
#936=EDGE_CURVE('',#1060,#1134,#185,.F.);
#937=EDGE_CURVE('',#1131,#1139,#186,.F.);
#938=EDGE_CURVE('',#1139,#1146,#187,.F.);
#939=EDGE_CURVE('',#1061,#1133,#188,.T.);
#940=EDGE_CURVE('',#1144,#1059,#113,.F.);
#941=EDGE_CURVE('',#1145,#1024,#189,.T.);
#942=EDGE_CURVE('',#1025,#1144,#190,.T.);
#943=EDGE_CURVE('',#1140,#1145,#114,.F.);
#944=EDGE_CURVE('',#1132,#1142,#191,.T.);
#945=EDGE_CURVE('',#1133,#1138,#192,.T.);
#946=EDGE_CURVE('',#1135,#1132,#193,.T.);
#947=EDGE_CURVE('',#1061,#1138,#194,.F.);
#948=EDGE_CURVE('',#1140,#1023,#195,.F.);
#949=EDGE_CURVE('',#1135,#1142,#196,.F.);
#950=EDGE_CURVE('',#1062,#1137,#115,.F.);
#951=EDGE_CURVE('',#1018,#1063,#197,.F.);
#952=EDGE_CURVE('',#1019,#1062,#198,.T.);
#953=EDGE_CURVE('',#1141,#1022,#199,.T.);
#954=EDGE_CURVE('',#1136,#1141,#116,.F.);
#955=EDGE_CURVE('',#1020,#1137,#200,.F.);
#956=EDGE_CURVE('',#1136,#1021,#201,.F.);
#957=EDGE_CURVE('',#1147,#1148,#1274,.T.);
#958=EDGE_CURVE('',#1148,#1149,#1275,.T.);
#959=EDGE_CURVE('',#1149,#1150,#1276,.T.);
#960=EDGE_CURVE('',#1150,#1147,#1277,.T.);
#961=EDGE_CURVE('',#1151,#1152,#1278,.F.);
#962=EDGE_CURVE('',#1152,#1153,#1279,.F.);
#963=EDGE_CURVE('',#1153,#1154,#1280,.F.);
#964=EDGE_CURVE('',#1154,#1151,#1281,.T.);
#965=EDGE_CURVE('',#1155,#1156,#1282,.F.);
#966=EDGE_CURVE('',#1156,#1157,#1283,.T.);
#967=EDGE_CURVE('',#1157,#1158,#1284,.F.);
#968=EDGE_CURVE('',#1158,#1155,#1285,.T.);
#969=EDGE_CURVE('',#1159,#1160,#1286,.T.);
#970=EDGE_CURVE('',#1160,#1161,#1287,.T.);
#971=EDGE_CURVE('',#1161,#1162,#1288,.F.);
#972=EDGE_CURVE('',#1162,#1159,#1289,.F.);
#973=EDGE_CURVE('',#1159,#1076,#202,.T.);
#974=EDGE_CURVE('',#1067,#1162,#117,.T.);
#975=EDGE_CURVE('',#1159,#1150,#203,.F.);
#976=EDGE_CURVE('',#1150,#1076,#204,.F.);
#977=EDGE_CURVE('',#1036,#1162,#205,.F.);
#978=EDGE_CURVE('',#1147,#1075,#206,.T.);
#979=EDGE_CURVE('',#1160,#1149,#207,.T.);
#980=EDGE_CURVE('',#1161,#1158,#118,.T.);
#981=EDGE_CURVE('',#1155,#1160,#208,.T.);
#982=EDGE_CURVE('',#1051,#1161,#209,.T.);
#983=EDGE_CURVE('',#1030,#1073,#210,.F.);
#984=EDGE_CURVE('',#1074,#1056,#211,.T.);
#985=EDGE_CURVE('',#1075,#1154,#212,.T.);
#986=EDGE_CURVE('',#1151,#1074,#119,.T.);
#987=EDGE_CURVE('',#1147,#1154,#213,.F.);
#988=EDGE_CURVE('',#1155,#1149,#214,.F.);
#989=EDGE_CURVE('',#1052,#1158,#215,.F.);
#990=EDGE_CURVE('',#1151,#1055,#216,.F.);
#991=EDGE_CURVE('',#1148,#1153,#217,.T.);
#992=EDGE_CURVE('',#1156,#1148,#218,.T.);
#993=EDGE_CURVE('',#1053,#1157,#219,.T.);
#994=EDGE_CURVE('',#1152,#1054,#220,.T.);
#995=EDGE_CURVE('',#1156,#1153,#221,.F.);
#996=EDGE_CURVE('',#1152,#1157,#120,.F.);
#997=EDGE_CURVE('',#1070,#1066,#1290,.T.);
#998=EDGE_CURVE('',#1065,#1071,#1291,.F.);
#999=EDGE_CURVE('',#1033,#1013,#1292,.T.);
#1000=EDGE_CURVE('',#1058,#1069,#1293,.F.);
#1001=EDGE_CURVE('',#1017,#1029,#1294,.T.);
#1002=EDGE_CURVE('',#1072,#1064,#1295,.T.);
#1003=EDGE_CURVE('',#1031,#1016,#1296,.F.);
#1004=EDGE_CURVE('',#1015,#1032,#1297,.F.);
#1005=VERTEX_POINT('',#2716);
#1006=VERTEX_POINT('',#2717);
#1007=VERTEX_POINT('',#2719);
#1008=VERTEX_POINT('',#2721);
#1009=VERTEX_POINT('',#2724);
#1010=VERTEX_POINT('',#2726);
#1011=VERTEX_POINT('',#2728);
#1012=VERTEX_POINT('',#2730);
#1013=VERTEX_POINT('',#2732);
#1014=VERTEX_POINT('',#2733);
#1015=VERTEX_POINT('',#2735);
#1016=VERTEX_POINT('',#2737);
#1017=VERTEX_POINT('',#2739);
#1018=VERTEX_POINT('',#2741);
#1019=VERTEX_POINT('',#2743);
#1020=VERTEX_POINT('',#2745);
#1021=VERTEX_POINT('',#2747);
#1022=VERTEX_POINT('',#2749);
#1023=VERTEX_POINT('',#2751);
#1024=VERTEX_POINT('',#2753);
#1025=VERTEX_POINT('',#2755);
#1026=VERTEX_POINT('',#2757);
#1027=VERTEX_POINT('',#2761);
#1028=VERTEX_POINT('',#2763);
#1029=VERTEX_POINT('',#2765);
#1030=VERTEX_POINT('',#2766);
#1031=VERTEX_POINT('',#2768);
#1032=VERTEX_POINT('',#2770);
#1033=VERTEX_POINT('',#2772);
#1034=VERTEX_POINT('',#2774);
#1035=VERTEX_POINT('',#2776);
#1036=VERTEX_POINT('',#2778);
#1037=VERTEX_POINT('',#2780);
#1038=VERTEX_POINT('',#2782);
#1039=VERTEX_POINT('',#2784);
#1040=VERTEX_POINT('',#2786);
#1041=VERTEX_POINT('',#2788);
#1042=VERTEX_POINT('',#2790);
#1043=VERTEX_POINT('',#2792);
#1044=VERTEX_POINT('',#2794);
#1045=VERTEX_POINT('',#2796);
#1046=VERTEX_POINT('',#2798);
#1047=VERTEX_POINT('',#2800);
#1048=VERTEX_POINT('',#2802);
#1049=VERTEX_POINT('',#2804);
#1050=VERTEX_POINT('',#2806);
#1051=VERTEX_POINT('',#2808);
#1052=VERTEX_POINT('',#2810);
#1053=VERTEX_POINT('',#2812);
#1054=VERTEX_POINT('',#2814);
#1055=VERTEX_POINT('',#2816);
#1056=VERTEX_POINT('',#2818);
#1057=VERTEX_POINT('',#2822);
#1058=VERTEX_POINT('',#2823);
#1059=VERTEX_POINT('',#2825);
#1060=VERTEX_POINT('',#2827);
#1061=VERTEX_POINT('',#2829);
#1062=VERTEX_POINT('',#2831);
#1063=VERTEX_POINT('',#2833);
#1064=VERTEX_POINT('',#2835);
#1065=VERTEX_POINT('',#2837);
#1066=VERTEX_POINT('',#2839);
#1067=VERTEX_POINT('',#2846);
#1068=VERTEX_POINT('',#2847);
#1069=VERTEX_POINT('',#2849);
#1070=VERTEX_POINT('',#2851);
#1071=VERTEX_POINT('',#2853);
#1072=VERTEX_POINT('',#2855);
#1073=VERTEX_POINT('',#2857);
#1074=VERTEX_POINT('',#2859);
#1075=VERTEX_POINT('',#2861);
#1076=VERTEX_POINT('',#2863);
#1077=VERTEX_POINT('',#2870);
#1078=VERTEX_POINT('',#2871);
#1079=VERTEX_POINT('',#2873);
#1080=VERTEX_POINT('',#2875);
#1081=VERTEX_POINT('',#2877);
#1082=VERTEX_POINT('',#2879);
#1083=VERTEX_POINT('',#2881);
#1084=VERTEX_POINT('',#2883);
#1085=VERTEX_POINT('',#2885);
#1086=VERTEX_POINT('',#2887);
#1087=VERTEX_POINT('',#2889);
#1088=VERTEX_POINT('',#2891);
#1089=VERTEX_POINT('',#2895);
#1090=VERTEX_POINT('',#2896);
#1091=VERTEX_POINT('',#2898);
#1092=VERTEX_POINT('',#2900);
#1093=VERTEX_POINT('',#2904);
#1094=VERTEX_POINT('',#2905);
#1095=VERTEX_POINT('',#2907);
#1096=VERTEX_POINT('',#2909);
#1097=VERTEX_POINT('',#2913);
#1098=VERTEX_POINT('',#2914);
#1099=VERTEX_POINT('',#2916);
#1100=VERTEX_POINT('',#2918);
#1101=VERTEX_POINT('',#2922);
#1102=VERTEX_POINT('',#2923);
#1103=VERTEX_POINT('',#2925);
#1104=VERTEX_POINT('',#2927);
#1105=VERTEX_POINT('',#2931);
#1106=VERTEX_POINT('',#2932);
#1107=VERTEX_POINT('',#2934);
#1108=VERTEX_POINT('',#2936);
#1109=VERTEX_POINT('',#2940);
#1110=VERTEX_POINT('',#2942);
#1111=VERTEX_POINT('',#2949);
#1112=VERTEX_POINT('',#2951);
#1113=VERTEX_POINT('',#2955);
#1114=VERTEX_POINT('',#2957);
#1115=VERTEX_POINT('',#2961);
#1116=VERTEX_POINT('',#2963);
#1117=VERTEX_POINT('',#2975);
#1118=VERTEX_POINT('',#2977);
#1119=VERTEX_POINT('',#2981);
#1120=VERTEX_POINT('',#2983);
#1121=VERTEX_POINT('',#2987);
#1122=VERTEX_POINT('',#2989);
#1123=VERTEX_POINT('',#2993);
#1124=VERTEX_POINT('',#2995);
#1125=VERTEX_POINT('',#2999);
#1126=VERTEX_POINT('',#3004);
#1127=VERTEX_POINT('',#3008);
#1128=VERTEX_POINT('',#3021);
#1129=VERTEX_POINT('',#3023);
#1130=VERTEX_POINT('',#3034);
#1131=VERTEX_POINT('',#3080);
#1132=VERTEX_POINT('',#3081);
#1133=VERTEX_POINT('',#3083);
#1134=VERTEX_POINT('',#3085);
#1135=VERTEX_POINT('',#3089);
#1136=VERTEX_POINT('',#3090);
#1137=VERTEX_POINT('',#3092);
#1138=VERTEX_POINT('',#3094);
#1139=VERTEX_POINT('',#3098);
#1140=VERTEX_POINT('',#3099);
#1141=VERTEX_POINT('',#3101);
#1142=VERTEX_POINT('',#3103);
#1143=VERTEX_POINT('',#3107);
#1144=VERTEX_POINT('',#3108);
#1145=VERTEX_POINT('',#3110);
#1146=VERTEX_POINT('',#3112);
#1147=VERTEX_POINT('',#3216);
#1148=VERTEX_POINT('',#3217);
#1149=VERTEX_POINT('',#3219);
#1150=VERTEX_POINT('',#3221);
#1151=VERTEX_POINT('',#3225);
#1152=VERTEX_POINT('',#3226);
#1153=VERTEX_POINT('',#3228);
#1154=VERTEX_POINT('',#3230);
#1155=VERTEX_POINT('',#3234);
#1156=VERTEX_POINT('',#3235);
#1157=VERTEX_POINT('',#3237);
#1158=VERTEX_POINT('',#3239);
#1159=VERTEX_POINT('',#3243);
#1160=VERTEX_POINT('',#3244);
#1161=VERTEX_POINT('',#3246);
#1162=VERTEX_POINT('',#3248);
#1163=LINE('',#2715,#1298);
#1164=LINE('',#2718,#1299);
#1165=LINE('',#2720,#1300);
#1166=LINE('',#2722,#1301);
#1167=LINE('',#2731,#1302);
#1168=LINE('',#2736,#1303);
#1169=LINE('',#2740,#1304);
#1170=LINE('',#2742,#1305);
#1171=LINE('',#2746,#1306);
#1172=LINE('',#2750,#1307);
#1173=LINE('',#2754,#1308);
#1174=LINE('',#2758,#1309);
#1175=LINE('',#2764,#1310);
#1176=LINE('',#2769,#1311);
#1177=LINE('',#2773,#1312);
#1178=LINE('',#2775,#1313);
#1179=LINE('',#2779,#1314);
#1180=LINE('',#2783,#1315);
#1181=LINE('',#2785,#1316);
#1182=LINE('',#2787,#1317);
#1183=LINE('',#2791,#1318);
#1184=LINE('',#2793,#1319);
#1185=LINE('',#2795,#1320);
#1186=LINE('',#2797,#1321);
#1187=LINE('',#2799,#1322);
#1188=LINE('',#2801,#1323);
#1189=LINE('',#2803,#1324);
#1190=LINE('',#2807,#1325);
#1191=LINE('',#2811,#1326);
#1192=LINE('',#2815,#1327);
#1193=LINE('',#2819,#1328);
#1194=LINE('',#2821,#1329);
#1195=LINE('',#2824,#1330);
#1196=LINE('',#2826,#1331);
#1197=LINE('',#2828,#1332);
#1198=LINE('',#2830,#1333);
#1199=LINE('',#2832,#1334);
#1200=LINE('',#2834,#1335);
#1201=LINE('',#2838,#1336);
#1202=LINE('',#2845,#1337);
#1203=LINE('',#2848,#1338);
#1204=LINE('',#2852,#1339);
#1205=LINE('',#2856,#1340);
#1206=LINE('',#2858,#1341);
#1207=LINE('',#2860,#1342);
#1208=LINE('',#2862,#1343);
#1209=LINE('',#2864,#1344);
#1210=LINE('',#2869,#1345);
#1211=LINE('',#2872,#1346);
#1212=LINE('',#2874,#1347);
#1213=LINE('',#2876,#1348);
#1214=LINE('',#2878,#1349);
#1215=LINE('',#2880,#1350);
#1216=LINE('',#2882,#1351);
#1217=LINE('',#2884,#1352);
#1218=LINE('',#2886,#1353);
#1219=LINE('',#2888,#1354);
#1220=LINE('',#2890,#1355);
#1221=LINE('',#2892,#1356);
#1222=LINE('',#2894,#1357);
#1223=LINE('',#2897,#1358);
#1224=LINE('',#2899,#1359);
#1225=LINE('',#2901,#1360);
#1226=LINE('',#2903,#1361);
#1227=LINE('',#2906,#1362);
#1228=LINE('',#2908,#1363);
#1229=LINE('',#2910,#1364);
#1230=LINE('',#2912,#1365);
#1231=LINE('',#2915,#1366);
#1232=LINE('',#2917,#1367);
#1233=LINE('',#2919,#1368);
#1234=LINE('',#2921,#1369);
#1235=LINE('',#2924,#1370);
#1236=LINE('',#2926,#1371);
#1237=LINE('',#2928,#1372);
#1238=LINE('',#2930,#1373);
#1239=LINE('',#2935,#1374);
#1240=LINE('',#2939,#1375);
#1241=LINE('',#2941,#1376);
#1242=LINE('',#2943,#1377);
#1243=LINE('',#2950,#1378);
#1244=LINE('',#2954,#1379);
#1245=LINE('',#2956,#1380);
#1246=LINE('',#2958,#1381);
#1247=LINE('',#2962,#1382);
#1248=LINE('',#2966,#1383);
#1249=LINE('',#2967,#1384);
#1250=LINE('',#3003,#1385);
#1251=LINE('',#3005,#1386);
#1252=LINE('',#3007,#1387);
#1253=LINE('',#3012,#1388);
#1254=LINE('',#3020,#1389);
#1255=LINE('',#3024,#1390);
#1256=LINE('',#3027,#1391);
#1257=LINE('',#3030,#1392);
#1258=LINE('',#3079,#1393);
#1259=LINE('',#3082,#1394);
#1260=LINE('',#3084,#1395);
#1261=LINE('',#3086,#1396);
#1262=LINE('',#3088,#1397);
#1263=LINE('',#3091,#1398);
#1264=LINE('',#3093,#1399);
#1265=LINE('',#3095,#1400);
#1266=LINE('',#3097,#1401);
#1267=LINE('',#3100,#1402);
#1268=LINE('',#3102,#1403);
#1269=LINE('',#3104,#1404);
#1270=LINE('',#3106,#1405);
#1271=LINE('',#3109,#1406);
#1272=LINE('',#3111,#1407);
#1273=LINE('',#3113,#1408);
#1274=LINE('',#3215,#1409);
#1275=LINE('',#3218,#1410);
#1276=LINE('',#3220,#1411);
#1277=LINE('',#3222,#1412);
#1278=LINE('',#3224,#1413);
#1279=LINE('',#3227,#1414);
#1280=LINE('',#3229,#1415);
#1281=LINE('',#3231,#1416);
#1282=LINE('',#3233,#1417);
#1283=LINE('',#3236,#1418);
#1284=LINE('',#3238,#1419);
#1285=LINE('',#3240,#1420);
#1286=LINE('',#3242,#1421);
#1287=LINE('',#3245,#1422);
#1288=LINE('',#3247,#1423);
#1289=LINE('',#3249,#1424);
#1290=LINE('',#3351,#1425);
#1291=LINE('',#3352,#1426);
#1292=LINE('',#3354,#1427);
#1293=LINE('',#3355,#1428);
#1294=LINE('',#3357,#1429);
#1295=LINE('',#3358,#1430);
#1296=LINE('',#3360,#1431);
#1297=LINE('',#3361,#1432);
#1298=VECTOR('',#2112,1.);
#1299=VECTOR('',#2113,1.);
#1300=VECTOR('',#2114,1.);
#1301=VECTOR('',#2115,1.);
#1302=VECTOR('',#2124,1.);
#1303=VECTOR('',#2127,1.);
#1304=VECTOR('',#2130,1.);
#1305=VECTOR('',#2131,1.);
#1306=VECTOR('',#2134,1.);
#1307=VECTOR('',#2137,1.);
#1308=VECTOR('',#2140,1.);
#1309=VECTOR('',#2143,1.);
#1310=VECTOR('',#2150,1.);
#1311=VECTOR('',#2153,1.);
#1312=VECTOR('',#2156,1.);
#1313=VECTOR('',#2157,1.);
#1314=VECTOR('',#2160,1.);
#1315=VECTOR('',#2163,1.);
#1316=VECTOR('',#2164,1.);
#1317=VECTOR('',#2165,1.);
#1318=VECTOR('',#2168,1.);
#1319=VECTOR('',#2169,1.);
#1320=VECTOR('',#2170,1.);
#1321=VECTOR('',#2171,1.);
#1322=VECTOR('',#2172,1.);
#1323=VECTOR('',#2173,1.);
#1324=VECTOR('',#2174,1.);
#1325=VECTOR('',#2177,1.);
#1326=VECTOR('',#2180,1.);
#1327=VECTOR('',#2183,1.);
#1328=VECTOR('',#2186,1.);
#1329=VECTOR('',#2189,1.);
#1330=VECTOR('',#2190,1.);
#1331=VECTOR('',#2191,1.);
#1332=VECTOR('',#2192,1.);
#1333=VECTOR('',#2193,1.);
#1334=VECTOR('',#2194,1.);
#1335=VECTOR('',#2195,1.);
#1336=VECTOR('',#2198,1.);
#1337=VECTOR('',#2209,1.);
#1338=VECTOR('',#2210,1.);
#1339=VECTOR('',#2213,1.);
#1340=VECTOR('',#2216,1.);
#1341=VECTOR('',#2217,1.);
#1342=VECTOR('',#2218,1.);
#1343=VECTOR('',#2219,1.);
#1344=VECTOR('',#2220,1.);
#1345=VECTOR('',#2229,1.);
#1346=VECTOR('',#2230,1.);
#1347=VECTOR('',#2231,1.);
#1348=VECTOR('',#2232,1.);
#1349=VECTOR('',#2233,1.);
#1350=VECTOR('',#2234,1.);
#1351=VECTOR('',#2235,1.);
#1352=VECTOR('',#2236,1.);
#1353=VECTOR('',#2237,1.);
#1354=VECTOR('',#2238,1.);
#1355=VECTOR('',#2239,1.);
#1356=VECTOR('',#2240,1.);
#1357=VECTOR('',#2243,1.);
#1358=VECTOR('',#2244,1.);
#1359=VECTOR('',#2245,1.);
#1360=VECTOR('',#2246,1.);
#1361=VECTOR('',#2249,1.);
#1362=VECTOR('',#2250,1.);
#1363=VECTOR('',#2251,1.);
#1364=VECTOR('',#2252,1.);
#1365=VECTOR('',#2255,1.);
#1366=VECTOR('',#2256,1.);
#1367=VECTOR('',#2257,1.);
#1368=VECTOR('',#2258,1.);
#1369=VECTOR('',#2261,1.);
#1370=VECTOR('',#2262,1.);
#1371=VECTOR('',#2263,1.);
#1372=VECTOR('',#2264,1.);
#1373=VECTOR('',#2267,1.);
#1374=VECTOR('',#2270,1.);
#1375=VECTOR('',#2275,1.);
#1376=VECTOR('',#2276,1.);
#1377=VECTOR('',#2277,1.);
#1378=VECTOR('',#2288,1.);
#1379=VECTOR('',#2293,1.);
#1380=VECTOR('',#2294,1.);
#1381=VECTOR('',#2295,1.);
#1382=VECTOR('',#2300,1.);
#1383=VECTOR('',#2305,1.);
#1384=VECTOR('',#2306,1.);
#1385=VECTOR('',#2359,1.);
#1386=VECTOR('',#2360,1.);
#1387=VECTOR('',#2363,1.);
#1388=VECTOR('',#2370,1.);
#1389=VECTOR('',#2375,1.);
#1390=VECTOR('',#2378,1.);
#1391=VECTOR('',#2383,1.);
#1392=VECTOR('',#2388,1.);
#1393=VECTOR('',#2483,1.);
#1394=VECTOR('',#2484,1.);
#1395=VECTOR('',#2485,1.);
#1396=VECTOR('',#2486,1.);
#1397=VECTOR('',#2489,1.);
#1398=VECTOR('',#2490,1.);
#1399=VECTOR('',#2491,1.);
#1400=VECTOR('',#2492,1.);
#1401=VECTOR('',#2495,1.);
#1402=VECTOR('',#2496,1.);
#1403=VECTOR('',#2497,1.);
#1404=VECTOR('',#2498,1.);
#1405=VECTOR('',#2501,1.);
#1406=VECTOR('',#2502,1.);
#1407=VECTOR('',#2503,1.);
#1408=VECTOR('',#2504,1.);
#1409=VECTOR('',#2587,1.);
#1410=VECTOR('',#2588,1.);
#1411=VECTOR('',#2589,1.);
#1412=VECTOR('',#2590,1.);
#1413=VECTOR('',#2593,1.);
#1414=VECTOR('',#2594,1.);
#1415=VECTOR('',#2595,1.);
#1416=VECTOR('',#2596,1.);
#1417=VECTOR('',#2599,1.);
#1418=VECTOR('',#2600,1.);
#1419=VECTOR('',#2601,1.);
#1420=VECTOR('',#2602,1.);
#1421=VECTOR('',#2605,1.);
#1422=VECTOR('',#2606,1.);
#1423=VECTOR('',#2607,1.);
#1424=VECTOR('',#2608,1.);
#1425=VECTOR('',#2691,1.);
#1426=VECTOR('',#2692,1.);
#1427=VECTOR('',#2695,1.);
#1428=VECTOR('',#2696,1.);
#1429=VECTOR('',#2699,1.);
#1430=VECTOR('',#2700,1.);
#1431=VECTOR('',#2703,1.);
#1432=VECTOR('',#2704,1.);
#1433=EDGE_LOOP('',(#222,#223,#224,#225));
#1434=EDGE_LOOP('',(#226));
#1435=EDGE_LOOP('',(#227));
#1436=EDGE_LOOP('',(#228));
#1437=EDGE_LOOP('',(#229));
#1438=EDGE_LOOP('',(#230,#231,#232,#233,#234,#235,#236,#237,#238,#239,#240,
#241,#242,#243));
#1439=EDGE_LOOP('',(#244));
#1440=EDGE_LOOP('',(#245));
#1441=EDGE_LOOP('',(#246,#247,#248,#249,#250,#251,#252,#253,#254,#255,#256,
#257,#258,#259,#260,#261,#262,#263,#264,#265,#266,#267,#268,#269,#270,#271,
#272,#273));
#1442=EDGE_LOOP('',(#274,#275,#276,#277,#278,#279,#280,#281,#282,#283));
#1443=EDGE_LOOP('',(#284,#285,#286,#287));
#1444=EDGE_LOOP('',(#288,#289,#290,#291,#292,#293,#294,#295,#296,#297));
#1445=EDGE_LOOP('',(#298,#299,#300,#301));
#1446=EDGE_LOOP('',(#302,#303,#304,#305,#306,#307,#308,#309,#310,#311,#312,
#313));
#1447=EDGE_LOOP('',(#314,#315,#316,#317));
#1448=EDGE_LOOP('',(#318,#319,#320,#321));
#1449=EDGE_LOOP('',(#322,#323,#324,#325));
#1450=EDGE_LOOP('',(#326,#327,#328,#329));
#1451=EDGE_LOOP('',(#330,#331,#332,#333));
#1452=EDGE_LOOP('',(#334,#335,#336,#337));
#1453=EDGE_LOOP('',(#338,#339,#340,#341));
#1454=EDGE_LOOP('',(#342,#343,#344,#345));
#1455=EDGE_LOOP('',(#346,#347,#348,#349));
#1456=EDGE_LOOP('',(#350,#351,#352,#353));
#1457=EDGE_LOOP('',(#354,#355,#356,#357));
#1458=EDGE_LOOP('',(#358,#359,#360,#361,#362,#363,#364,#365));
#1459=EDGE_LOOP('',(#366,#367,#368,#369,#370,#371,#372,#373));
#1460=EDGE_LOOP('',(#374));
#1461=EDGE_LOOP('',(#375));
#1462=EDGE_LOOP('',(#376));
#1463=EDGE_LOOP('',(#377));
#1464=EDGE_LOOP('',(#378));
#1465=EDGE_LOOP('',(#379));
#1466=EDGE_LOOP('',(#380));
#1467=EDGE_LOOP('',(#381));
#1468=EDGE_LOOP('',(#382));
#1469=EDGE_LOOP('',(#383));
#1470=EDGE_LOOP('',(#384));
#1471=EDGE_LOOP('',(#385));
#1472=EDGE_LOOP('',(#386));
#1473=EDGE_LOOP('',(#387));
#1474=EDGE_LOOP('',(#388));
#1475=EDGE_LOOP('',(#389));
#1476=EDGE_LOOP('',(#390));
#1477=EDGE_LOOP('',(#391));
#1478=EDGE_LOOP('',(#392));
#1479=EDGE_LOOP('',(#393));
#1480=EDGE_LOOP('',(#394,#395,#396,#397,#398));
#1481=EDGE_LOOP('',(#399,#400,#401,#402));
#1482=EDGE_LOOP('',(#403,#404,#405,#406,#407));
#1483=EDGE_LOOP('',(#408,#409,#410,#411));
#1484=EDGE_LOOP('',(#412));
#1485=EDGE_LOOP('',(#413,#414,#415,#416,#417,#418));
#1486=EDGE_LOOP('',(#419,#420,#421,#422,#423));
#1487=EDGE_LOOP('',(#424,#425,#426,#427,#428));
#1488=EDGE_LOOP('',(#429));
#1489=EDGE_LOOP('',(#430,#431,#432,#433));
#1490=EDGE_LOOP('',(#434));
#1491=EDGE_LOOP('',(#435));
#1492=EDGE_LOOP('',(#436));
#1493=EDGE_LOOP('',(#437));
#1494=EDGE_LOOP('',(#438,#439,#440,#441));
#1495=EDGE_LOOP('',(#442,#443,#444,#445));
#1496=EDGE_LOOP('',(#446,#447,#448));
#1497=EDGE_LOOP('',(#449,#450,#451,#452));
#1498=EDGE_LOOP('',(#453,#454,#455));
#1499=EDGE_LOOP('',(#456,#457,#458,#459));
#1500=EDGE_LOOP('',(#460,#461,#462));
#1501=EDGE_LOOP('',(#463,#464,#465,#466));
#1502=EDGE_LOOP('',(#467,#468,#469));
#1503=EDGE_LOOP('',(#470,#471,#472,#473));
#1504=EDGE_LOOP('',(#474,#475,#476,#477));
#1505=EDGE_LOOP('',(#478,#479,#480,#481));
#1506=EDGE_LOOP('',(#482,#483,#484,#485));
#1507=EDGE_LOOP('',(#486,#487,#488));
#1508=EDGE_LOOP('',(#489,#490,#491));
#1509=EDGE_LOOP('',(#492,#493,#494,#495));
#1510=EDGE_LOOP('',(#496,#497,#498,#499));
#1511=EDGE_LOOP('',(#500,#501,#502,#503));
#1512=EDGE_LOOP('',(#504,#505,#506,#507));
#1513=EDGE_LOOP('',(#508,#509,#510));
#1514=EDGE_LOOP('',(#511,#512,#513));
#1515=EDGE_LOOP('',(#514,#515,#516,#517));
#1516=EDGE_LOOP('',(#518,#519,#520,#521));
#1517=EDGE_LOOP('',(#522,#523,#524,#525));
#1518=EDGE_LOOP('',(#526,#527,#528,#529));
#1519=EDGE_LOOP('',(#530,#531,#532,#533));
#1520=EDGE_LOOP('',(#534,#535,#536,#537));
#1521=EDGE_LOOP('',(#538,#539,#540));
#1522=EDGE_LOOP('',(#541,#542,#543));
#1523=EDGE_LOOP('',(#544,#545,#546,#547));
#1524=EDGE_LOOP('',(#548,#549,#550,#551));
#1525=EDGE_LOOP('',(#552,#553,#554,#555));
#1526=EDGE_LOOP('',(#556,#557,#558,#559));
#1527=EDGE_LOOP('',(#560,#561,#562,#563));
#1528=EDGE_LOOP('',(#564,#565,#566,#567));
#1529=EDGE_LOOP('',(#568,#569,#570));
#1530=EDGE_LOOP('',(#571,#572,#573,#574));
#1531=EDGE_LOOP('',(#575,#576,#577,#578));
#1532=EDGE_LOOP('',(#579,#580,#581));
#1533=EDGE_LOOP('',(#582,#583,#584,#585));
#1534=EDGE_LOOP('',(#586,#587,#588,#589));
#1535=EDGE_LOOP('',(#590,#591,#592,#593));
#1536=EDGE_LOOP('',(#594,#595,#596,#597));
#1537=EDGE_LOOP('',(#598,#599,#600,#601));
#1538=EDGE_LOOP('',(#602,#603,#604,#605));
#1539=EDGE_LOOP('',(#606,#607,#608,#609));
#1540=EDGE_LOOP('',(#610,#611,#612,#613));
#1541=EDGE_LOOP('',(#614,#615,#616,#617));
#1542=EDGE_LOOP('',(#618,#619,#620,#621));
#1543=EDGE_LOOP('',(#622,#623,#624,#625));
#1544=EDGE_LOOP('',(#626,#627,#628,#629));
#1545=EDGE_LOOP('',(#630,#631,#632));
#1546=EDGE_LOOP('',(#633,#634,#635,#636));
#1547=EDGE_LOOP('',(#637,#638,#639,#640));
#1548=EDGE_LOOP('',(#641,#642,#643,#644));
#1549=EDGE_LOOP('',(#645,#646,#647,#648));
#1550=EDGE_LOOP('',(#649,#650,#651,#652,#653,#654));
#1551=EDGE_LOOP('',(#655,#656,#657,#658));
#1552=EDGE_LOOP('',(#659,#660,#661,#662));
#1553=EDGE_LOOP('',(#663,#664,#665));
#1554=EDGE_LOOP('',(#666,#667,#668));
#1555=EDGE_LOOP('',(#669,#670,#671,#672));
#1556=EDGE_LOOP('',(#673,#674,#675,#676));
#1557=EDGE_LOOP('',(#677,#678,#679,#680));
#1558=EDGE_LOOP('',(#681,#682,#683,#684));
#1559=EDGE_LOOP('',(#685,#686,#687,#688));
#1560=EDGE_LOOP('',(#689,#690,#691,#692));
#1561=EDGE_LOOP('',(#693,#694,#695));
#1562=EDGE_LOOP('',(#696,#697,#698,#699));
#1563=EDGE_LOOP('',(#700,#701,#702,#703));
#1564=EDGE_LOOP('',(#704,#705,#706,#707));
#1565=EDGE_LOOP('',(#708,#709,#710,#711,#712,#713,#714,#715));
#1566=EDGE_LOOP('',(#716,#717,#718,#719,#720,#721,#722,#723));
#1567=EDGE_LOOP('',(#724,#725,#726,#727));
#1568=EDGE_LOOP('',(#728,#729,#730,#731));
#1569=EDGE_LOOP('',(#732,#733,#734,#735));
#1570=EDGE_LOOP('',(#736,#737,#738,#739));
#1571=EDGE_LOOP('',(#740,#741,#742,#743));
#1572=FACE_BOUND('',#1433,.T.);
#1573=FACE_BOUND('',#1434,.T.);
#1574=FACE_BOUND('',#1435,.T.);
#1575=FACE_BOUND('',#1436,.T.);
#1576=FACE_BOUND('',#1437,.T.);
#1577=FACE_BOUND('',#1438,.T.);
#1578=FACE_BOUND('',#1439,.T.);
#1579=FACE_BOUND('',#1440,.T.);
#1580=FACE_BOUND('',#1441,.T.);
#1581=FACE_BOUND('',#1442,.T.);
#1582=FACE_BOUND('',#1443,.T.);
#1583=FACE_BOUND('',#1444,.T.);
#1584=FACE_BOUND('',#1445,.T.);
#1585=FACE_BOUND('',#1446,.T.);
#1586=FACE_BOUND('',#1447,.T.);
#1587=FACE_BOUND('',#1448,.T.);
#1588=FACE_BOUND('',#1449,.T.);
#1589=FACE_BOUND('',#1450,.T.);
#1590=FACE_BOUND('',#1451,.T.);
#1591=FACE_BOUND('',#1452,.T.);
#1592=FACE_BOUND('',#1453,.T.);
#1593=FACE_BOUND('',#1454,.T.);
#1594=FACE_BOUND('',#1455,.T.);
#1595=FACE_BOUND('',#1456,.T.);
#1596=FACE_BOUND('',#1457,.T.);
#1597=FACE_BOUND('',#1458,.T.);
#1598=FACE_BOUND('',#1459,.T.);
#1599=FACE_BOUND('',#1460,.T.);
#1600=FACE_BOUND('',#1461,.T.);
#1601=FACE_BOUND('',#1462,.T.);
#1602=FACE_BOUND('',#1463,.T.);
#1603=FACE_BOUND('',#1464,.T.);
#1604=FACE_BOUND('',#1465,.T.);
#1605=FACE_BOUND('',#1466,.T.);
#1606=FACE_BOUND('',#1467,.T.);
#1607=FACE_BOUND('',#1468,.T.);
#1608=FACE_BOUND('',#1469,.T.);
#1609=FACE_BOUND('',#1470,.T.);
#1610=FACE_BOUND('',#1471,.T.);
#1611=FACE_BOUND('',#1472,.T.);
#1612=FACE_BOUND('',#1473,.T.);
#1613=FACE_BOUND('',#1474,.T.);
#1614=FACE_BOUND('',#1475,.T.);
#1615=FACE_BOUND('',#1476,.T.);
#1616=FACE_BOUND('',#1477,.T.);
#1617=FACE_BOUND('',#1478,.T.);
#1618=FACE_BOUND('',#1479,.T.);
#1619=FACE_BOUND('',#1480,.T.);
#1620=FACE_BOUND('',#1481,.T.);
#1621=FACE_BOUND('',#1482,.T.);
#1622=FACE_BOUND('',#1483,.T.);
#1623=FACE_BOUND('',#1484,.T.);
#1624=FACE_BOUND('',#1485,.T.);
#1625=FACE_BOUND('',#1486,.T.);
#1626=FACE_BOUND('',#1487,.T.);
#1627=FACE_BOUND('',#1488,.T.);
#1628=FACE_BOUND('',#1489,.T.);
#1629=FACE_BOUND('',#1490,.T.);
#1630=FACE_BOUND('',#1491,.T.);
#1631=FACE_BOUND('',#1492,.T.);
#1632=FACE_BOUND('',#1493,.T.);
#1633=FACE_BOUND('',#1494,.T.);
#1634=FACE_BOUND('',#1495,.T.);
#1635=FACE_BOUND('',#1496,.T.);
#1636=FACE_BOUND('',#1497,.T.);
#1637=FACE_BOUND('',#1498,.T.);
#1638=FACE_BOUND('',#1499,.T.);
#1639=FACE_BOUND('',#1500,.T.);
#1640=FACE_BOUND('',#1501,.T.);
#1641=FACE_BOUND('',#1502,.T.);
#1642=FACE_BOUND('',#1503,.T.);
#1643=FACE_BOUND('',#1504,.T.);
#1644=FACE_BOUND('',#1505,.T.);
#1645=FACE_BOUND('',#1506,.T.);
#1646=FACE_BOUND('',#1507,.T.);
#1647=FACE_BOUND('',#1508,.T.);
#1648=FACE_BOUND('',#1509,.T.);
#1649=FACE_BOUND('',#1510,.T.);
#1650=FACE_BOUND('',#1511,.T.);
#1651=FACE_BOUND('',#1512,.T.);
#1652=FACE_BOUND('',#1513,.T.);
#1653=FACE_BOUND('',#1514,.T.);
#1654=FACE_BOUND('',#1515,.T.);
#1655=FACE_BOUND('',#1516,.T.);
#1656=FACE_BOUND('',#1517,.T.);
#1657=FACE_BOUND('',#1518,.T.);
#1658=FACE_BOUND('',#1519,.T.);
#1659=FACE_BOUND('',#1520,.T.);
#1660=FACE_BOUND('',#1521,.T.);
#1661=FACE_BOUND('',#1522,.T.);
#1662=FACE_BOUND('',#1523,.T.);
#1663=FACE_BOUND('',#1524,.T.);
#1664=FACE_BOUND('',#1525,.T.);
#1665=FACE_BOUND('',#1526,.T.);
#1666=FACE_BOUND('',#1527,.T.);
#1667=FACE_BOUND('',#1528,.T.);
#1668=FACE_BOUND('',#1529,.T.);
#1669=FACE_BOUND('',#1530,.T.);
#1670=FACE_BOUND('',#1531,.T.);
#1671=FACE_BOUND('',#1532,.T.);
#1672=FACE_BOUND('',#1533,.T.);
#1673=FACE_BOUND('',#1534,.T.);
#1674=FACE_BOUND('',#1535,.T.);
#1675=FACE_BOUND('',#1536,.T.);
#1676=FACE_BOUND('',#1537,.T.);
#1677=FACE_BOUND('',#1538,.T.);
#1678=FACE_BOUND('',#1539,.T.);
#1679=FACE_BOUND('',#1540,.T.);
#1680=FACE_BOUND('',#1541,.T.);
#1681=FACE_BOUND('',#1542,.T.);
#1682=FACE_BOUND('',#1543,.T.);
#1683=FACE_BOUND('',#1544,.T.);
#1684=FACE_BOUND('',#1545,.T.);
#1685=FACE_BOUND('',#1546,.T.);
#1686=FACE_BOUND('',#1547,.T.);
#1687=FACE_BOUND('',#1548,.T.);
#1688=FACE_BOUND('',#1549,.T.);
#1689=FACE_BOUND('',#1550,.T.);
#1690=FACE_BOUND('',#1551,.T.);
#1691=FACE_BOUND('',#1552,.T.);
#1692=FACE_BOUND('',#1553,.T.);
#1693=FACE_BOUND('',#1554,.T.);
#1694=FACE_BOUND('',#1555,.T.);
#1695=FACE_BOUND('',#1556,.T.);
#1696=FACE_BOUND('',#1557,.T.);
#1697=FACE_BOUND('',#1558,.T.);
#1698=FACE_BOUND('',#1559,.T.);
#1699=FACE_BOUND('',#1560,.T.);
#1700=FACE_BOUND('',#1561,.T.);
#1701=FACE_BOUND('',#1562,.T.);
#1702=FACE_BOUND('',#1563,.T.);
#1703=FACE_BOUND('',#1564,.T.);
#1704=FACE_BOUND('',#1565,.T.);
#1705=FACE_BOUND('',#1566,.T.);
#1706=FACE_BOUND('',#1567,.T.);
#1707=FACE_BOUND('',#1568,.T.);
#1708=FACE_BOUND('',#1569,.T.);
#1709=FACE_BOUND('',#1570,.T.);
#1710=FACE_BOUND('',#1571,.T.);
#1711=PLANE('',#1874);
#1712=PLANE('',#1885);
#1713=PLANE('',#1897);
#1714=PLANE('',#1903);
#1715=PLANE('',#1909);
#1716=PLANE('',#1910);
#1717=PLANE('',#1911);
#1718=PLANE('',#1912);
#1719=PLANE('',#1913);
#1720=PLANE('',#1917);
#1721=PLANE('',#1924);
#1722=PLANE('',#1928);
#1723=PLANE('',#1929);
#1724=PLANE('',#1952);
#1725=PLANE('',#1953);
#1726=PLANE('',#1957);
#1727=PLANE('',#1959);
#1728=PLANE('',#1962);
#1729=PLANE('',#1964);
#1730=PLANE('',#1966);
#1731=PLANE('',#1969);
#1732=PLANE('',#2012);
#1733=PLANE('',#2013);
#1734=PLANE('',#2014);
#1735=PLANE('',#2015);
#1736=PLANE('',#2056);
#1737=PLANE('',#2057);
#1738=PLANE('',#2058);
#1739=PLANE('',#2059);
#1740=PLANE('',#2100);
#1741=PLANE('',#2101);
#1742=PLANE('',#2102);
#1743=PLANE('',#2103);
#1744=ADVANCED_FACE('',(#1572,#1573,#1574,#1575,#1576,#1577),#1711,.F.);
#1745=ADVANCED_FACE('',(#1578,#1579,#1580),#1712,.T.);
#1746=ADVANCED_FACE('',(#1581),#1713,.T.);
#1747=ADVANCED_FACE('',(#1582),#41,.F.);
#1748=ADVANCED_FACE('',(#1583),#1714,.F.);
#1749=ADVANCED_FACE('',(#1584),#42,.T.);
#1750=ADVANCED_FACE('',(#1585),#1715,.F.);
#1751=ADVANCED_FACE('',(#1586),#1716,.T.);
#1752=ADVANCED_FACE('',(#1587),#1717,.F.);
#1753=ADVANCED_FACE('',(#1588),#1718,.F.);
#1754=ADVANCED_FACE('',(#1589),#1719,.T.);
#1755=ADVANCED_FACE('',(#1590),#43,.F.);
#1756=ADVANCED_FACE('',(#1591),#1720,.F.);
#1757=ADVANCED_FACE('',(#1592),#44,.F.);
#1758=ADVANCED_FACE('',(#1593),#45,.F.);
#1759=ADVANCED_FACE('',(#1594),#1721,.F.);
#1760=ADVANCED_FACE('',(#1595),#46,.F.);
#1761=ADVANCED_FACE('',(#1596),#1722,.F.);
#1762=ADVANCED_FACE('',(#1597,#1598),#1723,.T.);
#1763=ADVANCED_FACE('',(#1599,#1600),#47,.F.);
#1764=ADVANCED_FACE('',(#1601,#1602),#37,.F.);
#1765=ADVANCED_FACE('',(#1603,#1604),#48,.F.);
#1766=ADVANCED_FACE('',(#1605,#1606),#38,.F.);
#1767=ADVANCED_FACE('',(#1607,#1608),#49,.F.);
#1768=ADVANCED_FACE('',(#1609,#1610),#39,.F.);
#1769=ADVANCED_FACE('',(#1611,#1612),#50,.F.);
#1770=ADVANCED_FACE('',(#1613,#1614),#40,.F.);
#1771=ADVANCED_FACE('',(#1615,#1616),#51,.T.);
#1772=ADVANCED_FACE('',(#1617,#1618),#1724,.T.);
#1773=ADVANCED_FACE('',(#1619),#1725,.T.);
#1774=ADVANCED_FACE('',(#1620),#52,.T.);
#1775=ADVANCED_FACE('',(#1621),#1726,.F.);
#1776=ADVANCED_FACE('',(#1622,#1623),#1727,.T.);
#1777=ADVANCED_FACE('',(#1624),#53,.T.);
#1778=ADVANCED_FACE('',(#1625),#1728,.F.);
#1779=ADVANCED_FACE('',(#1626),#1729,.T.);
#1780=ADVANCED_FACE('',(#1627,#1628),#1730,.T.);
#1781=ADVANCED_FACE('',(#1629,#1630),#54,.T.);
#1782=ADVANCED_FACE('',(#1631,#1632),#1731,.T.);
#1783=ADVANCED_FACE('',(#1633),#55,.F.);
#1784=ADVANCED_FACE('',(#1634),#56,.F.);
#1785=ADVANCED_FACE('',(#1635),#20,.F.);
#1786=ADVANCED_FACE('',(#1636),#57,.F.);
#1787=ADVANCED_FACE('',(#1637),#21,.F.);
#1788=ADVANCED_FACE('',(#1638),#58,.F.);
#1789=ADVANCED_FACE('',(#1639),#22,.F.);
#1790=ADVANCED_FACE('',(#1640),#59,.F.);
#1791=ADVANCED_FACE('',(#1641),#23,.F.);
#1792=ADVANCED_FACE('',(#1642),#60,.F.);
#1793=ADVANCED_FACE('',(#1643),#61,.T.);
#1794=ADVANCED_FACE('',(#1644),#62,.T.);
#1795=ADVANCED_FACE('',(#1645),#63,.T.);
#1796=ADVANCED_FACE('',(#1646),#24,.T.);
#1797=ADVANCED_FACE('',(#1647),#25,.T.);
#1798=ADVANCED_FACE('',(#1648),#64,.T.);
#1799=ADVANCED_FACE('',(#1649),#65,.T.);
#1800=ADVANCED_FACE('',(#1650),#66,.T.);
#1801=ADVANCED_FACE('',(#1651),#67,.T.);
#1802=ADVANCED_FACE('',(#1652),#26,.T.);
#1803=ADVANCED_FACE('',(#1653),#27,.T.);
#1804=ADVANCED_FACE('',(#1654),#68,.T.);
#1805=ADVANCED_FACE('',(#1655),#1732,.T.);
#1806=ADVANCED_FACE('',(#1656),#1733,.F.);
#1807=ADVANCED_FACE('',(#1657),#1734,.F.);
#1808=ADVANCED_FACE('',(#1658),#1735,.T.);
#1809=ADVANCED_FACE('',(#1659),#69,.T.);
#1810=ADVANCED_FACE('',(#1660),#28,.T.);
#1811=ADVANCED_FACE('',(#1661),#29,.T.);
#1812=ADVANCED_FACE('',(#1662),#70,.T.);
#1813=ADVANCED_FACE('',(#1663),#71,.T.);
#1814=ADVANCED_FACE('',(#1664),#72,.F.);
#1815=ADVANCED_FACE('',(#1665),#73,.T.);
#1816=ADVANCED_FACE('',(#1666),#74,.T.);
#1817=ADVANCED_FACE('',(#1667),#75,.T.);
#1818=ADVANCED_FACE('',(#1668),#30,.T.);
#1819=ADVANCED_FACE('',(#1669),#12,.F.);
#1820=ADVANCED_FACE('',(#1670),#13,.F.);
#1821=ADVANCED_FACE('',(#1671),#31,.T.);
#1822=ADVANCED_FACE('',(#1672),#76,.T.);
#1823=ADVANCED_FACE('',(#1673),#77,.F.);
#1824=ADVANCED_FACE('',(#1674),#78,.F.);
#1825=ADVANCED_FACE('',(#1675),#79,.T.);
#1826=ADVANCED_FACE('',(#1676),#14,.F.);
#1827=ADVANCED_FACE('',(#1677),#15,.F.);
#1828=ADVANCED_FACE('',(#1678),#80,.F.);
#1829=ADVANCED_FACE('',(#1679),#1736,.F.);
#1830=ADVANCED_FACE('',(#1680),#1737,.T.);
#1831=ADVANCED_FACE('',(#1681),#1738,.T.);
#1832=ADVANCED_FACE('',(#1682),#1739,.F.);
#1833=ADVANCED_FACE('',(#1683),#81,.F.);
#1834=ADVANCED_FACE('',(#1684),#32,.F.);
#1835=ADVANCED_FACE('',(#1685),#16,.T.);
#1836=ADVANCED_FACE('',(#1686),#82,.F.);
#1837=ADVANCED_FACE('',(#1687),#83,.F.);
#1838=ADVANCED_FACE('',(#1688),#84,.F.);
#1839=ADVANCED_FACE('',(#1689),#85,.T.);
#1840=ADVANCED_FACE('',(#1690),#86,.T.);
#1841=ADVANCED_FACE('',(#1691),#87,.F.);
#1842=ADVANCED_FACE('',(#1692),#33,.F.);
#1843=ADVANCED_FACE('',(#1693),#34,.F.);
#1844=ADVANCED_FACE('',(#1694),#17,.T.);
#1845=ADVANCED_FACE('',(#1695),#18,.T.);
#1846=ADVANCED_FACE('',(#1696),#88,.F.);
#1847=ADVANCED_FACE('',(#1697),#89,.F.);
#1848=ADVANCED_FACE('',(#1698),#90,.T.);
#1849=ADVANCED_FACE('',(#1699),#91,.T.);
#1850=ADVANCED_FACE('',(#1700),#35,.F.);
#1851=ADVANCED_FACE('',(#1701),#19,.T.);
#1852=ADVANCED_FACE('',(#1702),#92,.F.);
#1853=ADVANCED_FACE('',(#1703),#1740,.F.);
#1854=ADVANCED_FACE('',(#1704),#1741,.T.);
#1855=ADVANCED_FACE('',(#1705),#1742,.F.);
#1856=ADVANCED_FACE('',(#1706),#1743,.T.);
#1857=ADVANCED_FACE('',(#1707),#93,.F.);
#1858=ADVANCED_FACE('',(#1708),#94,.F.);
#1859=ADVANCED_FACE('',(#1709),#95,.F.);
#1860=ADVANCED_FACE('',(#1710),#96,.F.);
#1861=CLOSED_SHELL('',(#1744,#1745,#1746,#1747,#1748,#1749,#1750,#1751,
#1752,#1753,#1754,#1755,#1756,#1757,#1758,#1759,#1760,#1761,#1762,#1763,
#1764,#1765,#1766,#1767,#1768,#1769,#1770,#1771,#1772,#1773,#1774,#1775,
#1776,#1777,#1778,#1779,#1780,#1781,#1782,#1783,#1784,#1785,#1786,#1787,
#1788,#1789,#1790,#1791,#1792,#1793,#1794,#1795,#1796,#1797,#1798,#1799,
#1800,#1801,#1802,#1803,#1804,#1805,#1806,#1807,#1808,#1809,#1810,#1811,
#1812,#1813,#1814,#1815,#1816,#1817,#1818,#1819,#1820,#1821,#1822,#1823,
#1824,#1825,#1826,#1827,#1828,#1829,#1830,#1831,#1832,#1833,#1834,#1835,
#1836,#1837,#1838,#1839,#1840,#1841,#1842,#1843,#1844,#1845,#1846,#1847,
#1848,#1849,#1850,#1851,#1852,#1853,#1854,#1855,#1856,#1857,#1858,#1859,
#1860));
#1862=STYLED_ITEM('',(#1863),#1870);
#1863=PRESENTATION_STYLE_ASSIGNMENT((#1864));
#1864=SURFACE_STYLE_USAGE(.BOTH.,#1865);
#1865=SURFACE_SIDE_STYLE('',(#1866));
#1866=SURFACE_STYLE_FILL_AREA(#1867);
#1867=FILL_AREA_STYLE('',(#1868));
#1868=FILL_AREA_STYLE_COLOUR('',#1869);
#1869=COLOUR_RGB('',0.980392156862745,0.980392156862745,0.2);
#1870=MANIFOLD_SOLID_BREP('bottom case',#1861);
#1871=SHAPE_DEFINITION_REPRESENTATION(#3372,#1872);
#1872=SHAPE_REPRESENTATION('bottom case',(#1873),#3367);
#1873=AXIS2_PLACEMENT_3D('',#2713,#2108,#2109);
#1874=AXIS2_PLACEMENT_3D('',#2714,#2110,#2111);
#1875=AXIS2_PLACEMENT_3D('',#2723,#2116,#2117);
#1876=AXIS2_PLACEMENT_3D('',#2725,#2118,#2119);
#1877=AXIS2_PLACEMENT_3D('',#2727,#2120,#2121);
#1878=AXIS2_PLACEMENT_3D('',#2729,#2122,#2123);
#1879=AXIS2_PLACEMENT_3D('',#2734,#2125,#2126);
#1880=AXIS2_PLACEMENT_3D('',#2738,#2128,#2129);
#1881=AXIS2_PLACEMENT_3D('',#2744,#2132,#2133);
#1882=AXIS2_PLACEMENT_3D('',#2748,#2135,#2136);
#1883=AXIS2_PLACEMENT_3D('',#2752,#2138,#2139);
#1884=AXIS2_PLACEMENT_3D('',#2756,#2141,#2142);
#1885=AXIS2_PLACEMENT_3D('',#2759,#2144,#2145);
#1886=AXIS2_PLACEMENT_3D('',#2760,#2146,#2147);
#1887=AXIS2_PLACEMENT_3D('',#2762,#2148,#2149);
#1888=AXIS2_PLACEMENT_3D('',#2767,#2151,#2152);
#1889=AXIS2_PLACEMENT_3D('',#2771,#2154,#2155);
#1890=AXIS2_PLACEMENT_3D('',#2777,#2158,#2159);
#1891=AXIS2_PLACEMENT_3D('',#2781,#2161,#2162);
#1892=AXIS2_PLACEMENT_3D('',#2789,#2166,#2167);
#1893=AXIS2_PLACEMENT_3D('',#2805,#2175,#2176);
#1894=AXIS2_PLACEMENT_3D('',#2809,#2178,#2179);
#1895=AXIS2_PLACEMENT_3D('',#2813,#2181,#2182);
#1896=AXIS2_PLACEMENT_3D('',#2817,#2184,#2185);
#1897=AXIS2_PLACEMENT_3D('',#2820,#2187,#2188);
#1898=AXIS2_PLACEMENT_3D('',#2836,#2196,#2197);
#1899=AXIS2_PLACEMENT_3D('',#2840,#2199,#2200);
#1900=AXIS2_PLACEMENT_3D('',#2841,#2201,#2202);
#1901=AXIS2_PLACEMENT_3D('',#2842,#2203,#2204);
#1902=AXIS2_PLACEMENT_3D('',#2843,#2205,#2206);
#1903=AXIS2_PLACEMENT_3D('',#2844,#2207,#2208);
#1904=AXIS2_PLACEMENT_3D('',#2850,#2211,#2212);
#1905=AXIS2_PLACEMENT_3D('',#2854,#2214,#2215);
#1906=AXIS2_PLACEMENT_3D('',#2865,#2221,#2222);
#1907=AXIS2_PLACEMENT_3D('',#2866,#2223,#2224);
#1908=AXIS2_PLACEMENT_3D('',#2867,#2225,#2226);
#1909=AXIS2_PLACEMENT_3D('',#2868,#2227,#2228);
#1910=AXIS2_PLACEMENT_3D('',#2893,#2241,#2242);
#1911=AXIS2_PLACEMENT_3D('',#2902,#2247,#2248);
#1912=AXIS2_PLACEMENT_3D('',#2911,#2253,#2254);
#1913=AXIS2_PLACEMENT_3D('',#2920,#2259,#2260);
#1914=AXIS2_PLACEMENT_3D('',#2929,#2265,#2266);
#1915=AXIS2_PLACEMENT_3D('',#2933,#2268,#2269);
#1916=AXIS2_PLACEMENT_3D('',#2937,#2271,#2272);
#1917=AXIS2_PLACEMENT_3D('',#2938,#2273,#2274);
#1918=AXIS2_PLACEMENT_3D('',#2944,#2278,#2279);
#1919=AXIS2_PLACEMENT_3D('',#2945,#2280,#2281);
#1920=AXIS2_PLACEMENT_3D('',#2946,#2282,#2283);
#1921=AXIS2_PLACEMENT_3D('',#2947,#2284,#2285);
#1922=AXIS2_PLACEMENT_3D('',#2948,#2286,#2287);
#1923=AXIS2_PLACEMENT_3D('',#2952,#2289,#2290);
#1924=AXIS2_PLACEMENT_3D('',#2953,#2291,#2292);
#1925=AXIS2_PLACEMENT_3D('',#2959,#2296,#2297);
#1926=AXIS2_PLACEMENT_3D('',#2960,#2298,#2299);
#1927=AXIS2_PLACEMENT_3D('',#2964,#2301,#2302);
#1928=AXIS2_PLACEMENT_3D('',#2965,#2303,#2304);
#1929=AXIS2_PLACEMENT_3D('',#2968,#2307,#2308);
#1930=AXIS2_PLACEMENT_3D('',#2969,#2309,#2310);
#1931=AXIS2_PLACEMENT_3D('',#2970,#2311,#2312);
#1932=AXIS2_PLACEMENT_3D('',#2971,#2313,#2314);
#1933=AXIS2_PLACEMENT_3D('',#2972,#2315,#2316);
#1934=AXIS2_PLACEMENT_3D('',#2973,#2317,#2318);
#1935=AXIS2_PLACEMENT_3D('',#2974,#2319,#2320);
#1936=AXIS2_PLACEMENT_3D('',#2976,#2321,#2322);
#1937=AXIS2_PLACEMENT_3D('',#2978,#2323,#2324);
#1938=AXIS2_PLACEMENT_3D('',#2979,#2325,#2326);
#1939=AXIS2_PLACEMENT_3D('',#2980,#2327,#2328);
#1940=AXIS2_PLACEMENT_3D('',#2982,#2329,#2330);
#1941=AXIS2_PLACEMENT_3D('',#2984,#2331,#2332);
#1942=AXIS2_PLACEMENT_3D('',#2985,#2333,#2334);
#1943=AXIS2_PLACEMENT_3D('',#2986,#2335,#2336);
#1944=AXIS2_PLACEMENT_3D('',#2988,#2337,#2338);
#1945=AXIS2_PLACEMENT_3D('',#2990,#2339,#2340);
#1946=AXIS2_PLACEMENT_3D('',#2991,#2341,#2342);
#1947=AXIS2_PLACEMENT_3D('',#2992,#2343,#2344);
#1948=AXIS2_PLACEMENT_3D('',#2994,#2345,#2346);
#1949=AXIS2_PLACEMENT_3D('',#2996,#2347,#2348);
#1950=AXIS2_PLACEMENT_3D('',#2997,#2349,#2350);
#1951=AXIS2_PLACEMENT_3D('',#2998,#2351,#2352);
#1952=AXIS2_PLACEMENT_3D('',#3000,#2353,#2354);
#1953=AXIS2_PLACEMENT_3D('',#3001,#2355,#2356);
#1954=AXIS2_PLACEMENT_3D('',#3002,#2357,#2358);
#1955=AXIS2_PLACEMENT_3D('',#3006,#2361,#2362);
#1956=AXIS2_PLACEMENT_3D('',#3009,#2364,#2365);
#1957=AXIS2_PLACEMENT_3D('',#3010,#2366,#2367);
#1958=AXIS2_PLACEMENT_3D('',#3011,#2368,#2369);
#1959=AXIS2_PLACEMENT_3D('',#3013,#2371,#2372);
#1960=AXIS2_PLACEMENT_3D('',#3014,#2373,#2374);
#1961=AXIS2_PLACEMENT_3D('',#3022,#2376,#2377);
#1962=AXIS2_PLACEMENT_3D('',#3025,#2379,#2380);
#1963=AXIS2_PLACEMENT_3D('',#3026,#2381,#2382);
#1964=AXIS2_PLACEMENT_3D('',#3028,#2384,#2385);
#1965=AXIS2_PLACEMENT_3D('',#3029,#2386,#2387);
#1966=AXIS2_PLACEMENT_3D('',#3031,#2389,#2390);
#1967=AXIS2_PLACEMENT_3D('',#3032,#2391,#2392);
#1968=AXIS2_PLACEMENT_3D('',#3033,#2393,#2394);
#1969=AXIS2_PLACEMENT_3D('',#3035,#2395,#2396);
#1970=AXIS2_PLACEMENT_3D('',#3036,#2397,#2398);
#1971=AXIS2_PLACEMENT_3D('',#3037,#2399,#2400);
#1972=AXIS2_PLACEMENT_3D('',#3038,#2401,#2402);
#1973=AXIS2_PLACEMENT_3D('',#3039,#2403,#2404);
#1974=AXIS2_PLACEMENT_3D('',#3040,#2405,#2406);
#1975=AXIS2_PLACEMENT_3D('',#3041,#2407,#2408);
#1976=AXIS2_PLACEMENT_3D('',#3042,#2409,#2410);
#1977=AXIS2_PLACEMENT_3D('',#3043,#2411,#2412);
#1978=AXIS2_PLACEMENT_3D('',#3044,#2413,#2414);
#1979=AXIS2_PLACEMENT_3D('',#3045,#2415,#2416);
#1980=AXIS2_PLACEMENT_3D('',#3046,#2417,#2418);
#1981=AXIS2_PLACEMENT_3D('',#3047,#2419,#2420);
#1982=AXIS2_PLACEMENT_3D('',#3048,#2421,#2422);
#1983=AXIS2_PLACEMENT_3D('',#3049,#2423,#2424);
#1984=AXIS2_PLACEMENT_3D('',#3050,#2425,#2426);
#1985=AXIS2_PLACEMENT_3D('',#3051,#2427,#2428);
#1986=AXIS2_PLACEMENT_3D('',#3052,#2429,#2430);
#1987=AXIS2_PLACEMENT_3D('',#3053,#2431,#2432);
#1988=AXIS2_PLACEMENT_3D('',#3054,#2433,#2434);
#1989=AXIS2_PLACEMENT_3D('',#3055,#2435,#2436);
#1990=AXIS2_PLACEMENT_3D('',#3056,#2437,#2438);
#1991=AXIS2_PLACEMENT_3D('',#3057,#2439,#2440);
#1992=AXIS2_PLACEMENT_3D('',#3058,#2441,#2442);
#1993=AXIS2_PLACEMENT_3D('',#3059,#2443,#2444);
#1994=AXIS2_PLACEMENT_3D('',#3060,#2445,#2446);
#1995=AXIS2_PLACEMENT_3D('',#3061,#2447,#2448);
#1996=AXIS2_PLACEMENT_3D('',#3062,#2449,#2450);
#1997=AXIS2_PLACEMENT_3D('',#3063,#2451,#2452);
#1998=AXIS2_PLACEMENT_3D('',#3064,#2453,#2454);
#1999=AXIS2_PLACEMENT_3D('',#3065,#2455,#2456);
#2000=AXIS2_PLACEMENT_3D('',#3066,#2457,#2458);
#2001=AXIS2_PLACEMENT_3D('',#3067,#2459,#2460);
#2002=AXIS2_PLACEMENT_3D('',#3068,#2461,#2462);
#2003=AXIS2_PLACEMENT_3D('',#3069,#2463,#2464);
#2004=AXIS2_PLACEMENT_3D('',#3070,#2465,#2466);
#2005=AXIS2_PLACEMENT_3D('',#3071,#2467,#2468);
#2006=AXIS2_PLACEMENT_3D('',#3072,#2469,#2470);
#2007=AXIS2_PLACEMENT_3D('',#3073,#2471,#2472);
#2008=AXIS2_PLACEMENT_3D('',#3074,#2473,#2474);
#2009=AXIS2_PLACEMENT_3D('',#3075,#2475,#2476);
#2010=AXIS2_PLACEMENT_3D('',#3076,#2477,#2478);
#2011=AXIS2_PLACEMENT_3D('',#3077,#2479,#2480);
#2012=AXIS2_PLACEMENT_3D('',#3078,#2481,#2482);
#2013=AXIS2_PLACEMENT_3D('',#3087,#2487,#2488);
#2014=AXIS2_PLACEMENT_3D('',#3096,#2493,#2494);
#2015=AXIS2_PLACEMENT_3D('',#3105,#2499,#2500);
#2016=AXIS2_PLACEMENT_3D('',#3114,#2505,#2506);
#2017=AXIS2_PLACEMENT_3D('',#3115,#2507,#2508);
#2018=AXIS2_PLACEMENT_3D('',#3116,#2509,#2510);
#2019=AXIS2_PLACEMENT_3D('',#3117,#2511,#2512);
#2020=AXIS2_PLACEMENT_3D('',#3118,#2513,#2514);
#2021=AXIS2_PLACEMENT_3D('',#3119,#2515,#2516);
#2022=AXIS2_PLACEMENT_3D('',#3120,#2517,#2518);
#2023=AXIS2_PLACEMENT_3D('',#3121,#2519,#2520);
#2024=AXIS2_PLACEMENT_3D('',#3122,#2521,#2522);
#2025=AXIS2_PLACEMENT_3D('',#3123,#2523,#2524);
#2026=AXIS2_PLACEMENT_3D('',#3124,#2525,#2526);
#2027=AXIS2_PLACEMENT_3D('',#3125,#2527,#2528);
#2028=AXIS2_PLACEMENT_3D('',#3126,#2529,#2530);
#2029=AXIS2_PLACEMENT_3D('',#3127,#2531,#2532);
#2030=AXIS2_PLACEMENT_3D('',#3128,#2533,#2534);
#2031=AXIS2_PLACEMENT_3D('',#3129,#2535,#2536);
#2032=AXIS2_PLACEMENT_3D('',#3130,#2537,#2538);
#2033=AXIS2_PLACEMENT_3D('',#3131,#2539,#2540);
#2034=AXIS2_PLACEMENT_3D('',#3132,#2541,#2542);
#2035=AXIS2_PLACEMENT_3D('',#3133,#2543,#2544);
#2036=AXIS2_PLACEMENT_3D('',#3134,#2545,#2546);
#2037=AXIS2_PLACEMENT_3D('',#3135,#2547,#2548);
#2038=AXIS2_PLACEMENT_3D('',#3136,#2549,#2550);
#2039=AXIS2_PLACEMENT_3D('',#3137,#2551,#2552);
#2040=AXIS2_PLACEMENT_3D('',#3138,#2553,#2554);
#2041=AXIS2_PLACEMENT_3D('',#3169,#2555,#2556);
#2042=AXIS2_PLACEMENT_3D('',#3170,#2557,#2558);
#2043=AXIS2_PLACEMENT_3D('',#3171,#2559,#2560);
#2044=AXIS2_PLACEMENT_3D('',#3172,#2561,#2562);
#2045=AXIS2_PLACEMENT_3D('',#3173,#2563,#2564);
#2046=AXIS2_PLACEMENT_3D('',#3174,#2565,#2566);
#2047=AXIS2_PLACEMENT_3D('',#3175,#2567,#2568);
#2048=AXIS2_PLACEMENT_3D('',#3176,#2569,#2570);
#2049=AXIS2_PLACEMENT_3D('',#3177,#2571,#2572);
#2050=AXIS2_PLACEMENT_3D('',#3178,#2573,#2574);
#2051=AXIS2_PLACEMENT_3D('',#3179,#2575,#2576);
#2052=AXIS2_PLACEMENT_3D('',#3180,#2577,#2578);
#2053=AXIS2_PLACEMENT_3D('',#3196,#2579,#2580);
#2054=AXIS2_PLACEMENT_3D('',#3212,#2581,#2582);
#2055=AXIS2_PLACEMENT_3D('',#3213,#2583,#2584);
#2056=AXIS2_PLACEMENT_3D('',#3214,#2585,#2586);
#2057=AXIS2_PLACEMENT_3D('',#3223,#2591,#2592);
#2058=AXIS2_PLACEMENT_3D('',#3232,#2597,#2598);
#2059=AXIS2_PLACEMENT_3D('',#3241,#2603,#2604);
#2060=AXIS2_PLACEMENT_3D('',#3250,#2609,#2610);
#2061=AXIS2_PLACEMENT_3D('',#3251,#2611,#2612);
#2062=AXIS2_PLACEMENT_3D('',#3252,#2613,#2614);
#2063=AXIS2_PLACEMENT_3D('',#3253,#2615,#2616);
#2064=AXIS2_PLACEMENT_3D('',#3254,#2617,#2618);
#2065=AXIS2_PLACEMENT_3D('',#3255,#2619,#2620);
#2066=AXIS2_PLACEMENT_3D('',#3271,#2621,#2622);
#2067=AXIS2_PLACEMENT_3D('',#3272,#2623,#2624);
#2068=AXIS2_PLACEMENT_3D('',#3273,#2625,#2626);
#2069=AXIS2_PLACEMENT_3D('',#3274,#2627,#2628);
#2070=AXIS2_PLACEMENT_3D('',#3275,#2629,#2630);
#2071=AXIS2_PLACEMENT_3D('',#3276,#2631,#2632);
#2072=AXIS2_PLACEMENT_3D('',#3277,#2633,#2634);
#2073=AXIS2_PLACEMENT_3D('',#3278,#2635,#2636);
#2074=AXIS2_PLACEMENT_3D('',#3279,#2637,#2638);
#2075=AXIS2_PLACEMENT_3D('',#3280,#2639,#2640);
#2076=AXIS2_PLACEMENT_3D('',#3281,#2641,#2642);
#2077=AXIS2_PLACEMENT_3D('',#3282,#2643,#2644);
#2078=AXIS2_PLACEMENT_3D('',#3283,#2645,#2646);
#2079=AXIS2_PLACEMENT_3D('',#3284,#2647,#2648);
#2080=AXIS2_PLACEMENT_3D('',#3285,#2649,#2650);
#2081=AXIS2_PLACEMENT_3D('',#3286,#2651,#2652);
#2082=AXIS2_PLACEMENT_3D('',#3287,#2653,#2654);
#2083=AXIS2_PLACEMENT_3D('',#3288,#2655,#2656);
#2084=AXIS2_PLACEMENT_3D('',#3289,#2657,#2658);
#2085=AXIS2_PLACEMENT_3D('',#3290,#2659,#2660);
#2086=AXIS2_PLACEMENT_3D('',#3306,#2661,#2662);
#2087=AXIS2_PLACEMENT_3D('',#3322,#2663,#2664);
#2088=AXIS2_PLACEMENT_3D('',#3323,#2665,#2666);
#2089=AXIS2_PLACEMENT_3D('',#3324,#2667,#2668);
#2090=AXIS2_PLACEMENT_3D('',#3325,#2669,#2670);
#2091=AXIS2_PLACEMENT_3D('',#3326,#2671,#2672);
#2092=AXIS2_PLACEMENT_3D('',#3327,#2673,#2674);
#2093=AXIS2_PLACEMENT_3D('',#3328,#2675,#2676);
#2094=AXIS2_PLACEMENT_3D('',#3329,#2677,#2678);
#2095=AXIS2_PLACEMENT_3D('',#3330,#2679,#2680);
#2096=AXIS2_PLACEMENT_3D('',#3331,#2681,#2682);
#2097=AXIS2_PLACEMENT_3D('',#3332,#2683,#2684);
#2098=AXIS2_PLACEMENT_3D('',#3348,#2685,#2686);
#2099=AXIS2_PLACEMENT_3D('',#3349,#2687,#2688);
#2100=AXIS2_PLACEMENT_3D('',#3350,#2689,#2690);
#2101=AXIS2_PLACEMENT_3D('',#3353,#2693,#2694);
#2102=AXIS2_PLACEMENT_3D('',#3356,#2697,#2698);
#2103=AXIS2_PLACEMENT_3D('',#3359,#2701,#2702);
#2104=AXIS2_PLACEMENT_3D('',#3362,#2705,#2706);
#2105=AXIS2_PLACEMENT_3D('',#3363,#2707,#2708);
#2106=AXIS2_PLACEMENT_3D('',#3364,#2709,#2710);
#2107=AXIS2_PLACEMENT_3D('',#3365,#2711,#2712);
#2108=DIRECTION('',(0.,0.,1.));
#2109=DIRECTION('',(1.,0.,0.));
#2110=DIRECTION('',(-8.23258598768671E-16,6.12323399573677E-17,1.));
#2111=DIRECTION('',(1.,5.04100503926294E-32,8.23258598768671E-16));
#2112=DIRECTION('',(-1.,-1.11244792046609E-16,-8.23258598768671E-16));
#2113=DIRECTION('',(-1.75007563479969E-16,1.,-6.12323399573678E-17));
#2114=DIRECTION('',(-1.,-2.22489584093218E-16,-8.23258598768671E-16));
#2115=DIRECTION('',(-1.16671708986646E-16,1.,-6.12323399573678E-17));
#2116=DIRECTION('',(-8.23258598768671E-16,6.12323399573677E-17,1.));
#2117=DIRECTION('',(1.,0.,8.23258598768671E-16));
#2118=DIRECTION('',(-8.23258598768671E-16,6.12323399573677E-17,1.));
#2119=DIRECTION('',(1.,0.,8.23258598768671E-16));
#2120=DIRECTION('',(-8.23258598768671E-16,6.12323399573677E-17,1.));
#2121=DIRECTION('',(1.,0.,8.23258598768671E-16));
#2122=DIRECTION('',(-8.23258598768671E-16,6.12323399573677E-17,1.));
#2123=DIRECTION('',(1.,0.,8.23258598768671E-16));
#2124=DIRECTION('',(-5.04100503926294E-32,-1.,6.12323399573677E-17));
#2125=DIRECTION('',(-8.23258598768671E-16,6.12323399573677E-17,1.));
#2126=DIRECTION('',(-5.04100503926294E-32,-1.,6.12323399573677E-17));
#2127=DIRECTION('',(-1.,-1.15648231731787E-16,-8.23258598768671E-16));
#2128=DIRECTION('',(-8.23258598768671E-16,6.12323399573677E-17,1.));
#2129=DIRECTION('',(-6.93079823158215E-17,-1.,6.12323399573676E-17));
#2130=DIRECTION('',(-6.93079823158215E-17,-1.,6.12323399573676E-17));
#2131=DIRECTION('',(1.,9.13012355777268E-17,8.23258598768671E-16));
#2132=DIRECTION('',(-8.23258598768671E-16,6.12323399573677E-17,1.));
#2133=DIRECTION('',(0.707106781186549,-0.707106781186547,6.25429540671238E-16));
#2134=DIRECTION('',(1.23908819712629E-16,-1.,6.12323399573678E-17));
#2135=DIRECTION('',(-8.23258598768671E-16,6.12323399573677E-17,1.));
#2136=DIRECTION('',(0.707106781186548,0.707106781186547,5.38833935047688E-16));
#2137=DIRECTION('',(1.,-4.93038065763133E-32,8.23258598768671E-16));
#2138=DIRECTION('',(-8.23258598768671E-16,6.12323399573677E-17,1.));
#2139=DIRECTION('',(0.707106781186547,-0.707106781186548,6.25429540671236E-16));
#2140=DIRECTION('',(1.23908819712629E-16,-1.,6.12323399573678E-17));
#2141=DIRECTION('',(-8.23258598768671E-16,6.12323399573677E-17,1.));
#2142=DIRECTION('',(0.707106781186548,0.707106781186548,5.38833935047687E-16));
#2143=DIRECTION('',(1.,9.13012355777268E-17,8.23258598768671E-16));
#2144=DIRECTION('',(-8.23258598768671E-16,6.12323399573677E-17,1.));
#2145=DIRECTION('',(1.,5.04100503926294E-32,8.23258598768671E-16));
#2146=DIRECTION('',(-8.23258598768671E-16,6.12323399573677E-17,1.));
#2147=DIRECTION('',(1.,0.,8.23258598768671E-16));
#2148=DIRECTION('',(-8.23258598768671E-16,6.12323399573677E-17,1.));
#2149=DIRECTION('',(1.,0.,8.23258598768671E-16));
#2150=DIRECTION('',(-6.93079823158215E-17,-1.,6.12323399573676E-17));
#2151=DIRECTION('',(-8.23258598768671E-16,6.12323399573677E-17,1.));
#2152=DIRECTION('',(-6.93079823158215E-17,-1.,6.12323399573676E-17));
#2153=DIRECTION('',(1.,1.15648231731787E-16,8.2325859876867E-16));
#2154=DIRECTION('',(-8.23258598768671E-16,6.12323399573677E-17,1.));
#2155=DIRECTION('',(-5.04100503926294E-32,-1.,6.12323399573677E-17));
#2156=DIRECTION('',(-5.04100503926294E-32,-1.,6.12323399573677E-17));
#2157=DIRECTION('',(-1.,-9.13012355777268E-17,-8.23258598768671E-16));
#2158=DIRECTION('',(-8.23258598768671E-16,6.12323399573677E-17,1.));
#2159=DIRECTION('',(0.707106781186548,0.707106781186548,5.38833935047688E-16));
#2160=DIRECTION('',(-1.23908819712629E-16,1.,-6.12323399573678E-17));
#2161=DIRECTION('',(-8.23258598768671E-16,6.12323399573677E-17,1.));
#2162=DIRECTION('',(1.,0.,8.23258598768671E-16));
#2163=DIRECTION('',(1.,5.04100503926294E-32,8.23258598768671E-16));
#2164=DIRECTION('',(1.29762831128313E-16,-1.,6.12323399573678E-17));
#2165=DIRECTION('',(1.,5.04100503926294E-32,8.23258598768671E-16));
#2166=DIRECTION('',(-8.23258598768671E-16,6.12323399573677E-17,1.));
#2167=DIRECTION('',(1.,0.,8.23258598768671E-16));
#2168=DIRECTION('',(1.,5.04100503926294E-32,8.23258598768671E-16));
#2169=DIRECTION('',(1.29762831128313E-16,-1.,6.12323399573678E-17));
#2170=DIRECTION('',(1.,1.42112590590659E-33,8.23258598768671E-16));
#2171=DIRECTION('',(-3.00413287084586E-33,1.,-6.12323399573677E-17));
#2172=DIRECTION('',(-1.,-1.23084592530505E-16,-8.23258598768671E-16));
#2173=DIRECTION('',(1.29762831128313E-16,-1.,6.12323399573678E-17));
#2174=DIRECTION('',(1.,5.04100503926294E-32,8.23258598768671E-16));
#2175=DIRECTION('',(-8.23258598768671E-16,6.12323399573677E-17,1.));
#2176=DIRECTION('',(1.,0.,8.23258598768671E-16));
#2177=DIRECTION('',(-1.23908819712629E-16,1.,-6.12323399573678E-17));
#2178=DIRECTION('',(-8.23258598768671E-16,6.12323399573677E-17,1.));
#2179=DIRECTION('',(0.707106781186547,-0.707106781186548,6.25429540671237E-16));
#2180=DIRECTION('',(-1.,0.,-8.23258598768671E-16));
#2181=DIRECTION('',(-8.23258598768671E-16,6.12323399573677E-17,1.));
#2182=DIRECTION('',(0.707106781186548,0.707106781186547,5.38833935047688E-16));
#2183=DIRECTION('',(-1.23908819712629E-16,1.,-6.12323399573678E-17));
#2184=DIRECTION('',(-8.23258598768671E-16,6.12323399573677E-17,1.));
#2185=DIRECTION('',(0.707106781186549,-0.707106781186547,6.25429540671238E-16));
#2186=DIRECTION('',(-1.,-9.13012355777268E-17,-8.23258598768671E-16));
#2187=DIRECTION('',(2.10317006751705E-16,0.93334560620306,-0.358979079308869));
#2188=DIRECTION('',(-1.,-9.13012355777267E-17,-8.23258598768671E-16));
#2189=DIRECTION('',(-7.68384795929626E-16,0.358979079308869,0.93334560620306));
#2190=DIRECTION('',(-1.,-9.13012355777268E-17,-8.23258598768671E-16));
#2191=DIRECTION('',(-0.337868689199742,-0.337868689199743,-0.878458591919332));
#2192=DIRECTION('',(1.,9.13012355777268E-17,8.23258598768671E-16));
#2193=DIRECTION('',(-0.337868689199744,0.337868689199743,0.878458591919331));
#2194=DIRECTION('',(-1.,-9.13012355777268E-17,-8.23258598768671E-16));
#2195=DIRECTION('',(-7.43504680249137E-16,0.358979079308869,0.93334560620306));
#2196=DIRECTION('',(2.10317006751705E-16,0.93334560620306,-0.358979079308869));
#2197=DIRECTION('',(-8.01160029417081E-16,0.358979079308869,0.93334560620306));
#2198=DIRECTION('',(-1.,-1.15648231731787E-16,-8.86560788769228E-16));
#2199=DIRECTION('',(2.10317006751705E-16,0.93334560620306,-0.358979079308869));
#2200=DIRECTION('',(8.01160029417081E-16,-0.358979079308869,-0.93334560620306));
#2201=DIRECTION('',(-1.,-9.13012355777268E-17,-8.23258598768671E-16));
#2202=DIRECTION('',(-8.23258598768671E-16,0.,1.));
#2203=DIRECTION('',(-1.,0.,-8.23258598768671E-16));
#2204=DIRECTION('',(-8.23258598768671E-16,0.,1.));
#2205=DIRECTION('',(-1.,0.,0.));
#2206=DIRECTION('',(0.,0.,1.));
#2207=DIRECTION('',(2.10317006751705E-16,0.93334560620306,-0.358979079308869));
#2208=DIRECTION('',(1.,9.13012355777267E-17,8.23258598768671E-16));
#2209=DIRECTION('',(1.,9.13012355777267E-17,8.23258598768671E-16));
#2210=DIRECTION('',(-7.68384795929626E-16,0.358979079308869,0.93334560620306));
#2211=DIRECTION('',(2.10317006751705E-16,0.93334560620306,-0.358979079308869));
#2212=DIRECTION('',(8.01160029417081E-16,-0.358979079308869,-0.93334560620306));
#2213=DIRECTION('',(-1.,-1.15648231731787E-16,-8.86560788769228E-16));
#2214=DIRECTION('',(2.10317006751705E-16,0.93334560620306,-0.358979079308869));
#2215=DIRECTION('',(-8.01160029417081E-16,0.358979079308869,0.93334560620306));
#2216=DIRECTION('',(-7.43504680249137E-16,0.358979079308869,0.93334560620306));
#2217=DIRECTION('',(1.,9.13012355777267E-17,8.23258598768671E-16));
#2218=DIRECTION('',(0.337868689199744,-0.337868689199743,-0.878458591919331));
#2219=DIRECTION('',(1.,9.13012355777267E-17,8.23258598768671E-16));
#2220=DIRECTION('',(0.337868689199743,0.337868689199743,0.878458591919332));
#2221=DIRECTION('',(-1.,-9.13012355777268E-17,-8.23258598768671E-16));
#2222=DIRECTION('',(-8.23258598768671E-16,0.,1.));
#2223=DIRECTION('',(-1.,0.,-8.23258598768671E-16));
#2224=DIRECTION('',(-8.23258598768671E-16,0.,1.));
#2225=DIRECTION('',(1.,0.,0.));
#2226=DIRECTION('',(0.,0.,-1.));
#2227=DIRECTION('',(1.,1.29762831128313E-16,8.23258598768671E-16));
#2228=DIRECTION('',(8.23258598768671E-16,0.,-1.));
#2229=DIRECTION('',(8.23258598768671E-16,-6.12323399573677E-17,-1.));
#2230=DIRECTION('',(1.29762831128313E-16,-1.,6.12323399573678E-17));
#2231=DIRECTION('',(8.23258598768671E-16,-6.12323399573677E-17,-1.));
#2232=DIRECTION('',(1.29762831128313E-16,-1.,6.12323399573678E-17));
#2233=DIRECTION('',(8.23258598768671E-16,-6.12323399573677E-17,-1.));
#2234=DIRECTION('',(1.29762831128313E-16,-1.,6.12323399573678E-17));
#2235=DIRECTION('',(8.23258598768671E-16,-6.12323399573677E-17,-1.));
#2236=DIRECTION('',(1.29762831128313E-16,-1.,6.12323399573678E-17));
#2237=DIRECTION('',(8.23258598768671E-16,-6.12323399573677E-17,-1.));
#2238=DIRECTION('',(1.29762831128313E-16,-1.,6.12323399573678E-17));
#2239=DIRECTION('',(8.23258598768671E-16,-6.12323399573677E-17,-1.));
#2240=DIRECTION('',(1.29762831128313E-16,-1.,6.12323399573678E-17));
#2241=DIRECTION('',(2.22489584093218E-16,-1.,6.12323399573679E-17));
#2242=DIRECTION('',(1.,2.22489584093218E-16,0.));
#2243=DIRECTION('',(-1.,-2.22489584093218E-16,-8.23258598768671E-16));
#2244=DIRECTION('',(8.23258598768671E-16,-6.12323399573677E-17,-1.));
#2245=DIRECTION('',(-1.,-2.22489584093218E-16,-8.23258598768671E-16));
#2246=DIRECTION('',(8.23258598768671E-16,-6.12323399573677E-17,-1.));
#2247=DIRECTION('',(-1.,-1.75007563479969E-16,-8.23258598768671E-16));
#2248=DIRECTION('',(-8.23258598768671E-16,0.,1.));
#2249=DIRECTION('',(-1.75007563479969E-16,1.,-6.12323399573678E-17));
#2250=DIRECTION('',(8.23258598768671E-16,-6.12323399573677E-17,-1.));
#2251=DIRECTION('',(-1.75007563479969E-16,1.,-6.12323399573678E-17));
#2252=DIRECTION('',(8.23258598768671E-16,-6.12323399573677E-17,-1.));
#2253=DIRECTION('',(1.11244792046609E-16,-1.,6.12323399573678E-17));
#2254=DIRECTION('',(1.,1.11244792046609E-16,0.));
#2255=DIRECTION('',(-1.,-1.11244792046609E-16,-8.23258598768671E-16));
#2256=DIRECTION('',(8.23258598768671E-16,-6.12323399573677E-17,-1.));
#2257=DIRECTION('',(-1.,-1.11244792046609E-16,-8.23258598768671E-16));
#2258=DIRECTION('',(8.23258598768671E-16,-6.12323399573677E-17,-1.));
#2259=DIRECTION('',(-1.,-1.16671708986646E-16,-8.23258598768671E-16));
#2260=DIRECTION('',(-8.23258598768671E-16,0.,1.));
#2261=DIRECTION('',(-1.16671708986646E-16,1.,-6.12323399573678E-17));
#2262=DIRECTION('',(8.23258598768671E-16,-6.12323399573677E-17,-1.));
#2263=DIRECTION('',(-1.16671708986646E-16,1.,-6.12323399573678E-17));
#2264=DIRECTION('',(8.23258598768671E-16,-6.12323399573677E-17,-1.));
#2265=DIRECTION('',(8.23258598768671E-16,-6.12323399573677E-17,-1.));
#2266=DIRECTION('',(-1.,0.,-8.23258598768671E-16));
#2267=DIRECTION('',(8.23258598768671E-16,-6.12323399573677E-17,-1.));
#2268=DIRECTION('',(8.23258598768671E-16,-6.12323399573677E-17,-1.));
#2269=DIRECTION('',(-1.,0.,-8.23258598768671E-16));
#2270=DIRECTION('',(8.23258598768671E-16,-6.12323399573677E-17,-1.));
#2271=DIRECTION('',(-8.23258598768671E-16,6.12323399573677E-17,1.));
#2272=DIRECTION('',(1.,0.,8.23258598768671E-16));
#2273=DIRECTION('',(4.89889244867228E-32,1.,-6.12323399573677E-17));
#2274=DIRECTION('',(0.,6.12323399573677E-17,1.));
#2275=DIRECTION('',(1.,1.42112590590659E-33,8.23258598768671E-16));
#2276=DIRECTION('',(8.23258598768671E-16,-6.12323399573677E-17,-1.));
#2277=DIRECTION('',(1.,1.42112590590659E-33,8.23258598768671E-16));
#2278=DIRECTION('',(8.23258598768671E-16,-6.12323399573677E-17,-1.));
#2279=DIRECTION('',(-1.,0.,-8.23258598768671E-16));
#2280=DIRECTION('',(8.23258598768671E-16,-6.12323399573677E-17,-1.));
#2281=DIRECTION('',(-1.,0.,-8.23258598768671E-16));
#2282=DIRECTION('',(-8.23258598768671E-16,6.12323399573677E-17,1.));
#2283=DIRECTION('',(1.,0.,8.23258598768671E-16));
#2284=DIRECTION('',(8.23258598768671E-16,-6.12323399573677E-17,-1.));
#2285=DIRECTION('',(-1.,0.,-8.23258598768671E-16));
#2286=DIRECTION('',(8.23258598768671E-16,-6.12323399573677E-17,-1.));
#2287=DIRECTION('',(-1.,0.,-8.23258598768671E-16));
#2288=DIRECTION('',(8.23258598768671E-16,-6.12323399573677E-17,-1.));
#2289=DIRECTION('',(-8.23258598768671E-16,6.12323399573677E-17,1.));
#2290=DIRECTION('',(1.,0.,8.23258598768671E-16));
#2291=DIRECTION('',(1.23084592530505E-16,-1.,6.12323399573678E-17));
#2292=DIRECTION('',(1.,1.23084592530505E-16,0.));
#2293=DIRECTION('',(-1.,-1.23084592530505E-16,-8.23258598768671E-16));
#2294=DIRECTION('',(8.23258598768671E-16,-6.12323399573677E-17,-1.));
#2295=DIRECTION('',(-1.,-1.23084592530505E-16,-8.23258598768671E-16));
#2296=DIRECTION('',(8.23258598768671E-16,-6.12323399573677E-17,-1.));
#2297=DIRECTION('',(-1.,0.,-8.23258598768671E-16));
#2298=DIRECTION('',(8.23258598768671E-16,-6.12323399573677E-17,-1.));
#2299=DIRECTION('',(-1.,0.,-8.23258598768671E-16));
#2300=DIRECTION('',(8.23258598768671E-16,-6.12323399573677E-17,-1.));
#2301=DIRECTION('',(-8.23258598768671E-16,6.12323399573677E-17,1.));
#2302=DIRECTION('',(1.,0.,8.23258598768671E-16));
#2303=DIRECTION('',(-1.,-5.34141832634752E-32,-8.23258598768671E-16));
#2304=DIRECTION('',(-8.23258598768671E-16,0.,1.));
#2305=DIRECTION('',(-3.00413287084586E-33,1.,-6.12323399573677E-17));
#2306=DIRECTION('',(-3.00413287084586E-33,1.,-6.12323399573677E-17));
#2307=DIRECTION('',(-8.23258598768671E-16,6.12323399573677E-17,1.));
#2308=DIRECTION('',(1.,5.04100503926294E-32,8.23258598768671E-16));
#2309=DIRECTION('',(-8.23258598768671E-16,6.12323399573677E-17,1.));
#2310=DIRECTION('',(1.,0.,8.23258598768671E-16));
#2311=DIRECTION('',(-8.23258598768671E-16,6.12323399573677E-17,1.));
#2312=DIRECTION('',(1.,0.,8.23258598768671E-16));
#2313=DIRECTION('',(-8.23258598768671E-16,6.12323399573677E-17,1.));
#2314=DIRECTION('',(1.,0.,8.23258598768671E-16));
#2315=DIRECTION('',(-8.23258598768671E-16,6.12323399573677E-17,1.));
#2316=DIRECTION('',(1.,0.,8.23258598768671E-16));
#2317=DIRECTION('',(-8.23258598768671E-16,6.12323399573677E-17,1.));
#2318=DIRECTION('',(1.,0.,8.23258598768671E-16));
#2319=DIRECTION('',(-8.23258598768671E-16,6.12323399573677E-17,1.));
#2320=DIRECTION('',(1.,0.,8.23258598768671E-16));
#2321=DIRECTION('',(-8.23258598768671E-16,6.12323399573677E-17,1.));
#2322=DIRECTION('',(1.,0.,8.23258598768671E-16));
#2323=DIRECTION('',(8.23258598768671E-16,-6.12323399573677E-17,-1.));
#2324=DIRECTION('',(-1.,0.,-8.23258598768671E-16));
#2325=DIRECTION('',(-8.23258598768671E-16,6.12323399573677E-17,1.));
#2326=DIRECTION('',(1.,0.,8.23258598768671E-16));
#2327=DIRECTION('',(-8.23258598768671E-16,6.12323399573677E-17,1.));
#2328=DIRECTION('',(1.,0.,8.23258598768671E-16));
#2329=DIRECTION('',(-8.23258598768671E-16,6.12323399573677E-17,1.));
#2330=DIRECTION('',(1.,0.,8.23258598768671E-16));
#2331=DIRECTION('',(8.23258598768671E-16,-6.12323399573677E-17,-1.));
#2332=DIRECTION('',(-1.,0.,-8.23258598768671E-16));
#2333=DIRECTION('',(-8.23258598768671E-16,6.12323399573677E-17,1.));
#2334=DIRECTION('',(1.,0.,8.23258598768671E-16));
#2335=DIRECTION('',(-8.23258598768671E-16,6.12323399573677E-17,1.));
#2336=DIRECTION('',(1.,0.,8.23258598768671E-16));
#2337=DIRECTION('',(-8.23258598768671E-16,6.12323399573677E-17,1.));
#2338=DIRECTION('',(1.,0.,8.23258598768671E-16));
#2339=DIRECTION('',(8.23258598768671E-16,-6.12323399573677E-17,-1.));
#2340=DIRECTION('',(-1.,0.,-8.23258598768671E-16));
#2341=DIRECTION('',(-8.23258598768671E-16,6.12323399573677E-17,1.));
#2342=DIRECTION('',(1.,0.,8.23258598768671E-16));
#2343=DIRECTION('',(-8.23258598768671E-16,6.12323399573677E-17,1.));
#2344=DIRECTION('',(1.,0.,8.23258598768671E-16));
#2345=DIRECTION('',(-8.23258598768671E-16,6.12323399573677E-17,1.));
#2346=DIRECTION('',(1.,0.,8.23258598768671E-16));
#2347=DIRECTION('',(8.23258598768671E-16,-6.12323399573677E-17,-1.));
#2348=DIRECTION('',(-1.,0.,-8.23258598768671E-16));
#2349=DIRECTION('',(8.23258598768671E-16,-6.12323399573677E-17,-1.));
#2350=DIRECTION('',(-1.,0.,-8.23258598768671E-16));
#2351=DIRECTION('',(-8.23258598768671E-16,6.12323399573677E-17,1.));
#2352=DIRECTION('',(1.,0.,8.23258598768671E-16));
#2353=DIRECTION('',(-8.23258598768671E-16,6.12323399573677E-17,1.));
#2354=DIRECTION('',(1.,5.04100503926294E-32,8.23258598768671E-16));
#2355=DIRECTION('',(0.,1.,-6.12323399573677E-17));
#2356=DIRECTION('',(0.,6.12323399573677E-17,1.));
#2357=DIRECTION('',(0.,1.,-6.12323399573677E-17));
#2358=DIRECTION('',(0.,6.12323399573677E-17,1.));
#2359=DIRECTION('',(8.23258598768671E-16,-6.12323399573677E-17,-1.));
#2360=DIRECTION('',(1.,5.04100503926294E-32,8.23258598768671E-16));
#2361=DIRECTION('',(8.23258598768671E-16,-6.12323399573677E-17,-1.));
#2362=DIRECTION('',(-1.,0.,-8.23258598768671E-16));
#2363=DIRECTION('',(8.23258598768671E-16,-6.12323399573677E-17,-1.));
#2364=DIRECTION('',(-8.23258598768671E-16,6.12323399573677E-17,1.));
#2365=DIRECTION('',(1.,0.,8.23258598768671E-16));
#2366=DIRECTION('',(0.,1.,-6.12323399573677E-17));
#2367=DIRECTION('',(0.,6.12323399573677E-17,1.));
#2368=DIRECTION('',(0.,1.,-6.12323399573677E-17));
#2369=DIRECTION('',(0.,6.12323399573677E-17,1.));
#2370=DIRECTION('',(1.,5.04100503926294E-32,8.23258598768671E-16));
#2371=DIRECTION('',(-8.23258598768671E-16,6.12323399573677E-17,1.));
#2372=DIRECTION('',(1.,5.04100503926294E-32,8.23258598768671E-16));
#2373=DIRECTION('',(8.23258598768671E-16,-6.12323399573677E-17,-1.));
#2374=DIRECTION('',(-1.,0.,-8.23258598768671E-16));
#2375=DIRECTION('',(8.23258598768671E-16,-6.12323399573677E-17,-1.));
#2376=DIRECTION('',(-8.23258598768671E-16,6.12323399573677E-17,1.));
#2377=DIRECTION('',(1.,0.,8.23258598768671E-16));
#2378=DIRECTION('',(8.23258598768671E-16,-6.12323399573677E-17,-1.));
#2379=DIRECTION('',(0.,1.,-6.12323399573677E-17));
#2380=DIRECTION('',(0.,6.12323399573677E-17,1.));
#2381=DIRECTION('',(0.,1.,-6.12323399573677E-17));
#2382=DIRECTION('',(0.,6.12323399573677E-17,1.));
#2383=DIRECTION('',(1.,5.04100503926294E-32,8.23258598768671E-16));
#2384=DIRECTION('',(0.,1.,-6.12323399573677E-17));
#2385=DIRECTION('',(0.,6.12323399573677E-17,1.));
#2386=DIRECTION('',(0.,1.,-6.12323399573677E-17));
#2387=DIRECTION('',(0.,6.12323399573677E-17,1.));
#2388=DIRECTION('',(1.,5.04100503926294E-32,8.23258598768671E-16));
#2389=DIRECTION('',(-8.23258598768671E-16,6.12323399573677E-17,1.));
#2390=DIRECTION('',(1.,5.04100503926294E-32,8.23258598768671E-16));
#2391=DIRECTION('',(8.23258598768671E-16,-6.12323399573677E-17,-1.));
#2392=DIRECTION('',(-1.,0.,-8.23258598768671E-16));
#2393=DIRECTION('',(-8.23258598768671E-16,6.12323399573677E-17,1.));
#2394=DIRECTION('',(1.,0.,8.23258598768671E-16));
#2395=DIRECTION('',(-8.23258598768671E-16,6.12323399573677E-17,1.));
#2396=DIRECTION('',(1.,5.04100503926294E-32,8.23258598768671E-16));
#2397=DIRECTION('',(1.29762831128313E-16,-1.,6.12323399573678E-17));
#2398=DIRECTION('',(1.,1.29762831128313E-16,0.));
#2399=DIRECTION('',(1.29762831128313E-16,-1.,6.12323399573678E-17));
#2400=DIRECTION('',(1.,1.29762831128313E-16,0.));
#2401=DIRECTION('',(0.,1.,0.));
#2402=DIRECTION('',(0.,0.,1.));
#2403=DIRECTION('',(-8.23258598768671E-16,6.12323399573677E-17,1.));
#2404=DIRECTION('',(1.,0.,8.23258598768671E-16));
#2405=DIRECTION('',(1.,1.04083408558608E-14,1.44444745829042E-28));
#2406=DIRECTION('',(-1.04083408558608E-14,1.,0.));
#2407=DIRECTION('',(-1.,-1.23084592530505E-16,-8.23258598768671E-16));
#2408=DIRECTION('',(-8.23258598768671E-16,0.,1.));
#2409=DIRECTION('',(1.,0.,0.));
#2410=DIRECTION('',(0.,0.,-1.));
#2411=DIRECTION('',(-8.23258598768671E-16,6.12323399573677E-17,1.));
#2412=DIRECTION('',(1.,0.,8.23258598768671E-16));
#2413=DIRECTION('',(0.,-1.,0.));
#2414=DIRECTION('',(0.,0.,-1.));
#2415=DIRECTION('',(-3.00413287084586E-33,1.,-6.12323399573677E-17));
#2416=DIRECTION('',(0.,6.12323399573677E-17,1.));
#2417=DIRECTION('',(0.,-1.,0.));
#2418=DIRECTION('',(0.,0.,-1.));
#2419=DIRECTION('',(-8.23258598768671E-16,6.12323399573677E-17,1.));
#2420=DIRECTION('',(1.,0.,8.23258598768671E-16));
#2421=DIRECTION('',(-1.,-1.04083408558608E-14,-3.61111864572606E-29));
#2422=DIRECTION('',(1.04083408558608E-14,-1.,0.));
#2423=DIRECTION('',(1.,1.42112590590659E-33,8.23258598768671E-16));
#2424=DIRECTION('',(8.23258598768671E-16,0.,-1.));
#2425=DIRECTION('',(-1.,0.,1.04083408558608E-14));
#2426=DIRECTION('',(1.04083408558608E-14,0.,1.));
#2427=DIRECTION('',(-8.23258598768671E-16,6.12323399573677E-17,1.));
#2428=DIRECTION('',(1.,0.,8.23258598768671E-16));
#2429=DIRECTION('',(0.,1.,0.));
#2430=DIRECTION('',(0.,0.,1.));
#2431=DIRECTION('',(1.29762831128313E-16,-1.,6.12323399573678E-17));
#2432=DIRECTION('',(1.,1.29762831128313E-16,0.));
#2433=DIRECTION('',(8.23258598768671E-16,-6.12323399573677E-17,-1.));
#2434=DIRECTION('',(-1.,0.,-8.23258598768671E-16));
#2435=DIRECTION('',(0.,0.,-1.));
#2436=DIRECTION('',(-1.,0.,0.));
#2437=DIRECTION('',(-8.23258598768671E-16,6.12323399573677E-17,1.));
#2438=DIRECTION('',(1.,0.,8.23258598768671E-16));
#2439=DIRECTION('',(0.,-1.73472347597681E-15,-1.));
#2440=DIRECTION('',(0.,1.,-1.73472347597681E-15));
#2441=DIRECTION('',(1.16671708986646E-16,-1.,6.12323399573678E-17));
#2442=DIRECTION('',(1.,1.16671708986646E-16,0.));
#2443=DIRECTION('',(0.,-1.,0.));
#2444=DIRECTION('',(0.,0.,-1.));
#2445=DIRECTION('',(0.,1.,0.));
#2446=DIRECTION('',(0.,0.,1.));
#2447=DIRECTION('',(-1.,0.,0.));
#2448=DIRECTION('',(0.,0.,1.));
#2449=DIRECTION('',(-1.,0.,0.));
#2450=DIRECTION('',(0.,0.,1.));
#2451=DIRECTION('',(-1.,0.,0.));
#2452=DIRECTION('',(0.,0.,1.));
#2453=DIRECTION('',(-1.,0.,0.));
#2454=DIRECTION('',(0.,0.,1.));
#2455=DIRECTION('',(1.,2.22489584093218E-16,8.23258598768671E-16));
#2456=DIRECTION('',(8.23258598768671E-16,0.,-1.));
#2457=DIRECTION('',(1.,0.,3.46944695195361E-15));
#2458=DIRECTION('',(3.46944695195361E-15,0.,-1.));
#2459=DIRECTION('',(-8.23258598768671E-16,6.12323399573677E-17,1.));
#2460=DIRECTION('',(1.,0.,8.23258598768671E-16));
#2461=DIRECTION('',(0.,-1.73472347597681E-15,-1.));
#2462=DIRECTION('',(0.,1.,-1.73472347597681E-15));
#2463=DIRECTION('',(8.23258598768671E-16,-6.12323399573677E-17,-1.));
#2464=DIRECTION('',(-1.,0.,-8.23258598768671E-16));
#2465=DIRECTION('',(0.,0.,-1.));
#2466=DIRECTION('',(-1.,0.,0.));
#2467=DIRECTION('',(-1.,-1.11244792046609E-16,-8.23258598768671E-16));
#2468=DIRECTION('',(-8.23258598768671E-16,0.,1.));
#2469=DIRECTION('',(1.,0.,0.));
#2470=DIRECTION('',(0.,0.,-1.));
#2471=DIRECTION('',(-3.46944695195361E-15,-1.,1.73472347597681E-15));
#2472=DIRECTION('',(1.,-3.46944695195361E-15,0.));
#2473=DIRECTION('',(0.,-1.,0.));
#2474=DIRECTION('',(0.,0.,-1.));
#2475=DIRECTION('',(0.,1.,0.));
#2476=DIRECTION('',(0.,0.,1.));
#2477=DIRECTION('',(0.,1.,0.));
#2478=DIRECTION('',(0.,0.,1.));
#2479=DIRECTION('',(-1.75007563479969E-16,1.,-6.12323399573678E-17));
#2480=DIRECTION('',(-1.,-1.75007563479969E-16,0.));
#2481=DIRECTION('',(8.23258598768671E-16,-6.12323399573677E-17,-1.));
#2482=DIRECTION('',(1.,5.04100503926294E-32,8.23258598768671E-16));
#2483=DIRECTION('',(1.,-4.93038065763133E-32,8.23258598768671E-16));
#2484=DIRECTION('',(1.23908819712629E-16,-1.,6.12323399573678E-17));
#2485=DIRECTION('',(-1.,-9.13012355777268E-17,-8.23258598768671E-16));
#2486=DIRECTION('',(-1.23908819712629E-16,1.,-6.12323399573678E-17));
#2487=DIRECTION('',(0.933345606203059,1.37630881470413E-16,0.35897907930887));
#2488=DIRECTION('',(1.23908819712629E-16,-1.,6.12323399573678E-17));
#2489=DIRECTION('',(0.337868689199744,0.337868689199743,-0.878458591919331));
#2490=DIRECTION('',(1.23908819712629E-16,-1.,6.12323399573678E-17));
#2491=DIRECTION('',(0.337868689199744,-0.337868689199743,-0.878458591919331));
#2492=DIRECTION('',(1.23908819712629E-16,-1.,6.12323399573678E-17));
#2493=DIRECTION('',(-2.95532613819087E-16,0.933345606203059,0.358979079308869));
#2494=DIRECTION('',(1.,9.47557338217152E-35,8.23258598768671E-16));
#2495=DIRECTION('',(0.337868689199742,-0.337868689199743,0.878458591919332));
#2496=DIRECTION('',(1.,-1.06194210547125E-32,8.23258598768671E-16));
#2497=DIRECTION('',(0.337868689199744,0.337868689199743,-0.878458591919331));
#2498=DIRECTION('',(1.,-1.06194210547125E-32,8.23258598768671E-16));
#2499=DIRECTION('',(0.93334560620306,9.36686234267659E-17,-0.358979079308868));
#2500=DIRECTION('',(-1.23908819712629E-16,1.,-6.12323399573678E-17));
#2501=DIRECTION('',(-0.337868689199742,-0.337868689199743,-0.878458591919332));
#2502=DIRECTION('',(-1.23908819712629E-16,1.,-6.12323399573678E-17));
#2503=DIRECTION('',(-0.337868689199742,0.337868689199743,-0.878458591919332));
#2504=DIRECTION('',(1.23908819712629E-16,-1.,6.12323399573678E-17));
#2505=DIRECTION('',(1.23908819712629E-16,-1.,6.12323399573678E-17));
#2506=DIRECTION('',(1.,1.23908819712629E-16,0.));
#2507=DIRECTION('',(-1.33440267382831E-15,1.,-3.46944695195361E-15));
#2508=DIRECTION('',(0.,3.46944695195361E-15,1.));
#2509=DIRECTION('',(-3.71721571183869E-15,-1.,0.));
#2510=DIRECTION('',(1.,-3.71721571183869E-15,0.));
#2511=DIRECTION('',(0.,-8.67361737988403E-16,-1.));
#2512=DIRECTION('',(0.,1.,-8.67361737988403E-16));
#2513=DIRECTION('',(-0.337868689199741,-0.337868689199742,-0.878458591919333));
#2514=DIRECTION('',(0.,0.93334560620306,-0.358979079308867));
#2515=DIRECTION('',(1.,0.,0.));
#2516=DIRECTION('',(0.,0.,-1.));
#2517=DIRECTION('',(0.,0.,-1.));
#2518=DIRECTION('',(-1.,0.,0.));
#2519=DIRECTION('',(1.,0.,0.));
#2520=DIRECTION('',(0.,0.,-1.));
#2521=DIRECTION('',(-0.337868689199742,0.337868689199746,-0.878458591919331));
#2522=DIRECTION('',(0.,0.933345606203058,0.358979079308872));
#2523=DIRECTION('',(1.,9.13012355777268E-17,8.23258598768671E-16));
#2524=DIRECTION('',(8.23258598768671E-16,0.,-1.));
#2525=DIRECTION('',(-1.,1.33440267382831E-15,3.46944695195361E-15));
#2526=DIRECTION('',(3.46944695195361E-15,0.,1.));
#2527=DIRECTION('',(0.337868689199742,0.337868689199743,0.878458591919332));
#2528=DIRECTION('',(0.,-0.93334560620306,0.358979079308869));
#2529=DIRECTION('',(0.22865363827235,0.228653638272349,-0.946274287619417));
#2530=DIRECTION('',(0.669116965638159,0.669116965638159,0.323365076330709));
#2531=DIRECTION('',(-1.23908819712629E-16,1.,-6.12323399573678E-17));
#2532=DIRECTION('',(-1.,-1.23908819712629E-16,0.));
#2533=DIRECTION('',(0.,1.,0.));
#2534=DIRECTION('',(0.,0.,1.));
#2535=DIRECTION('',(0.,-1.,0.));
#2536=DIRECTION('',(0.,0.,-1.));
#2537=DIRECTION('',(0.337868689199742,-0.337868689199743,0.878458591919332));
#2538=DIRECTION('',(0.,-0.933345606203059,-0.358979079308869));
#2539=DIRECTION('',(0.228653638272351,-0.22865363827235,-0.946274287619417));
#2540=DIRECTION('',(0.669116965638158,-0.66911696563816,0.32336507633071));
#2541=DIRECTION('',(-1.,4.93038065763132E-32,-8.2325859876867E-16));
#2542=DIRECTION('',(-8.23258598768671E-16,0.,1.));
#2543=DIRECTION('',(-1.,0.,0.));
#2544=DIRECTION('',(0.,0.,1.));
#2545=DIRECTION('',(-1.23908819712629E-16,1.,-6.12323399573678E-17));
#2546=DIRECTION('',(-1.,-1.23908819712629E-16,0.));
#2547=DIRECTION('',(-9.29303927959675E-16,1.,0.));
#2548=DIRECTION('',(-1.,-9.29303927959675E-16,0.));
#2549=DIRECTION('',(0.,-1.,0.));
#2550=DIRECTION('',(0.,0.,-1.));
#2551=DIRECTION('',(0.,-8.67361737988403E-16,-1.));
#2552=DIRECTION('',(0.,1.,-8.67361737988403E-16));
#2553=DIRECTION('',(0.337868689199745,-0.337868689199738,-0.878458591919333));
#2554=DIRECTION('',(-0.933345606203059,0.,-0.358979079308871));
#2555=DIRECTION('',(-1.,0.,0.));
#2556=DIRECTION('',(0.,0.,1.));
#2557=DIRECTION('',(0.,0.,-1.));
#2558=DIRECTION('',(-1.,0.,0.));
#2559=DIRECTION('',(0.337868689199748,0.337868689199744,-0.878458591919329));
#2560=DIRECTION('',(-0.933345606203057,0.,-0.358979079308875));
#2561=DIRECTION('',(0.337868689199744,-0.337868689199743,-0.878458591919331));
#2562=DIRECTION('',(-0.933345606203059,0.,-0.35897907930887));
#2563=DIRECTION('',(-0.228653638272349,0.228653638272349,-0.946274287619417));
#2564=DIRECTION('',(0.669116965638161,-0.669116965638158,-0.323365076330708));
#2565=DIRECTION('',(-1.,-9.13012355777268E-17,-8.23258598768671E-16));
#2566=DIRECTION('',(-8.23258598768671E-16,0.,1.));
#2567=DIRECTION('',(-1.,6.93079823158215E-17,-8.23258598768671E-16));
#2568=DIRECTION('',(-8.23258598768671E-16,0.,1.));
#2569=DIRECTION('',(1.,0.,0.));
#2570=DIRECTION('',(0.,0.,-1.));
#2571=DIRECTION('',(-1.,4.93038065763132E-32,-8.2325859876867E-16));
#2572=DIRECTION('',(-8.23258598768671E-16,0.,1.));
#2573=DIRECTION('',(1.,0.,0.));
#2574=DIRECTION('',(0.,0.,-1.));
#2575=DIRECTION('',(0.337868689199744,0.337868689199743,-0.878458591919331));
#2576=DIRECTION('',(-0.933345606203059,0.,-0.35897907930887));
#2577=DIRECTION('',(-0.228653638272349,-0.22865363827235,-0.946274287619417));
#2578=DIRECTION('',(0.669116965638161,0.669116965638158,-0.323365076330708));
#2579=DIRECTION('',(0.,-1.,0.));
#2580=DIRECTION('',(0.,0.,-1.));
#2581=DIRECTION('',(0.,1.,0.));
#2582=DIRECTION('',(0.,0.,1.));
#2583=DIRECTION('',(-1.23908819712629E-16,1.,-6.12323399573678E-17));
#2584=DIRECTION('',(-1.,-1.23908819712629E-16,0.));
#2585=DIRECTION('',(8.23258598768671E-16,-6.12323399573677E-17,-1.));
#2586=DIRECTION('',(1.,5.04100503926294E-32,8.23258598768671E-16));
#2587=DIRECTION('',(1.23908819712629E-16,-1.,6.12323399573678E-17));
#2588=DIRECTION('',(1.,0.,8.23258598768671E-16));
#2589=DIRECTION('',(-1.23908819712629E-16,1.,-6.12323399573678E-17));
#2590=DIRECTION('',(-1.,-9.13012355777268E-17,-8.23258598768671E-16));
#2591=DIRECTION('',(0.933345606203059,1.37630881470413E-16,0.35897907930887));
#2592=DIRECTION('',(-1.23908819712629E-16,1.,-6.12323399573678E-17));
#2593=DIRECTION('',(-1.23908819712629E-16,1.,-6.12323399573678E-17));
#2594=DIRECTION('',(-0.337868689199744,-0.337868689199743,0.878458591919331));
#2595=DIRECTION('',(1.23908819712629E-16,-1.,6.12323399573678E-17));
#2596=DIRECTION('',(-0.337868689199744,0.337868689199743,0.878458591919331));
#2597=DIRECTION('',(-2.95532613819088E-16,0.933345606203059,0.358979079308869));
#2598=DIRECTION('',(-1.,-9.47557338217152E-35,-8.23258598768671E-16));
#2599=DIRECTION('',(1.,0.,8.23258598768671E-16));
#2600=DIRECTION('',(-0.337868689199744,-0.337868689199743,0.878458591919331));
#2601=DIRECTION('',(-1.,0.,-8.23258598768671E-16));
#2602=DIRECTION('',(-0.337868689199743,0.337868689199743,-0.878458591919332));
#2603=DIRECTION('',(0.93334560620306,9.36686234267659E-17,-0.358979079308868));
#2604=DIRECTION('',(1.23908819712629E-16,-1.,6.12323399573678E-17));
#2605=DIRECTION('',(1.23908819712629E-16,-1.,6.12323399573678E-17));
#2606=DIRECTION('',(0.337868689199743,-0.337868689199743,0.878458591919332));
#2607=DIRECTION('',(1.23908819712629E-16,-1.,6.12323399573678E-17));
#2608=DIRECTION('',(0.337868689199743,0.337868689199743,0.878458591919332));
#2609=DIRECTION('',(0.337868689199743,0.337868689199743,0.878458591919332));
#2610=DIRECTION('',(0.,-0.93334560620306,0.358979079308869));
#2611=DIRECTION('',(0.337868689199742,0.337868689199741,0.878458591919333));
#2612=DIRECTION('',(0.93334560620306,0.,-0.358979079308868));
#2613=DIRECTION('',(0.22865363827235,0.228653638272349,-0.946274287619417));
#2614=DIRECTION('',(0.669116965638159,0.669116965638159,0.323365076330709));
#2615=DIRECTION('',(0.,0.,-1.));
#2616=DIRECTION('',(-1.,0.,0.));
#2617=DIRECTION('',(-1.85860785591934E-15,-1.,0.));
#2618=DIRECTION('',(1.,-1.85860785591934E-15,0.));
#2619=DIRECTION('',(-1.,0.,0.));
#2620=DIRECTION('',(0.,0.,1.));
#2621=DIRECTION('',(0.,1.,0.));
#2622=DIRECTION('',(0.,0.,1.));
#2623=DIRECTION('',(-1.,-9.13012355777268E-17,-8.23258598768671E-16));
#2624=DIRECTION('',(-8.23258598768671E-16,0.,1.));
#2625=DIRECTION('',(1.,3.71721571183868E-15,0.));
#2626=DIRECTION('',(-3.71721571183868E-15,1.,0.));
#2627=DIRECTION('',(-1.23908819712629E-16,1.,-6.12323399573678E-17));
#2628=DIRECTION('',(-1.,-1.23908819712629E-16,0.));
#2629=DIRECTION('',(-1.33440267382831E-15,1.,-3.46944695195361E-15));
#2630=DIRECTION('',(0.,3.46944695195361E-15,1.));
#2631=DIRECTION('',(0.337868689199743,-0.337868689199743,0.878458591919332));
#2632=DIRECTION('',(0.,-0.933345606203059,-0.358979079308869));
#2633=DIRECTION('',(0.228653638272351,-0.22865363827235,-0.946274287619417));
#2634=DIRECTION('',(0.669116965638158,-0.66911696563816,0.32336507633071));
#2635=DIRECTION('',(0.337868689199745,-0.337868689199744,0.87845859191933));
#2636=DIRECTION('',(0.933345606203058,0.,-0.358979079308872));
#2637=DIRECTION('',(-1.23908819712629E-16,1.,-6.12323399573678E-17));
#2638=DIRECTION('',(-1.,-1.23908819712629E-16,0.));
#2639=DIRECTION('',(0.,-1.,0.));
#2640=DIRECTION('',(0.,0.,-1.));
#2641=DIRECTION('',(-1.,-9.13012355777268E-17,-8.23258598768671E-16));
#2642=DIRECTION('',(-8.23258598768671E-16,0.,1.));
#2643=DIRECTION('',(-1.,6.93079823158215E-17,-8.23258598768671E-16));
#2644=DIRECTION('',(-8.23258598768671E-16,0.,1.));
#2645=DIRECTION('',(-1.,0.,0.));
#2646=DIRECTION('',(0.,0.,1.));
#2647=DIRECTION('',(0.337868689199744,-0.337868689199743,-0.878458591919331));
#2648=DIRECTION('',(-0.933345606203059,0.,-0.35897907930887));
#2649=DIRECTION('',(-0.337868689199743,0.337868689199742,0.878458591919332));
#2650=DIRECTION('',(0.933345606203059,0.,0.358979079308869));
#2651=DIRECTION('',(-0.228653638272349,0.228653638272349,-0.946274287619417));
#2652=DIRECTION('',(0.66911696563816,-0.669116965638159,-0.323365076330708));
#2653=DIRECTION('',(0.,0.,-1.));
#2654=DIRECTION('',(-1.,0.,0.));
#2655=DIRECTION('',(6.6720133691416E-16,-1.,-1.73472347597681E-15));
#2656=DIRECTION('',(0.,1.73472347597681E-15,-1.));
#2657=DIRECTION('',(0.,-3.46944695195361E-15,-1.));
#2658=DIRECTION('',(0.,1.,-3.46944695195361E-15));
#2659=DIRECTION('',(-1.,-3.7172157118387E-15,0.));
#2660=DIRECTION('',(3.7172157118387E-15,-1.,0.));
#2661=DIRECTION('',(1.,0.,0.));
#2662=DIRECTION('',(0.,0.,-1.));
#2663=DIRECTION('',(0.,1.,0.));
#2664=DIRECTION('',(0.,0.,1.));
#2665=DIRECTION('',(1.23908819712629E-16,-1.,6.12323399573678E-17));
#2666=DIRECTION('',(1.,1.23908819712629E-16,0.));
#2667=DIRECTION('',(3.71721571183869E-15,1.,0.));
#2668=DIRECTION('',(-1.,3.71721571183869E-15,0.));
#2669=DIRECTION('',(1.,0.,8.23258598768671E-16));
#2670=DIRECTION('',(8.23258598768671E-16,0.,-1.));
#2671=DIRECTION('',(1.,0.,0.));
#2672=DIRECTION('',(0.,0.,-1.));
#2673=DIRECTION('',(-1.,0.,-8.23258598768671E-16));
#2674=DIRECTION('',(-8.23258598768671E-16,0.,1.));
#2675=DIRECTION('',(-1.,0.,0.));
#2676=DIRECTION('',(0.,0.,1.));
#2677=DIRECTION('',(-1.23908819712629E-16,1.,-6.12323399573678E-17));
#2678=DIRECTION('',(-1.,-1.23908819712629E-16,0.));
#2679=DIRECTION('',(0.,-1.,0.));
#2680=DIRECTION('',(0.,0.,-1.));
#2681=DIRECTION('',(3.46944695195361E-15,-3.46944695195361E-15,-1.));
#2682=DIRECTION('',(-1.,0.,-3.46944695195361E-15));
#2683=DIRECTION('',(-0.337868689199745,-0.337868689199742,0.878458591919332));
#2684=DIRECTION('',(0.933345606203059,0.,0.358979079308871));
#2685=DIRECTION('',(-0.228653638272349,-0.22865363827235,-0.946274287619417));
#2686=DIRECTION('',(0.66911696563816,0.669116965638159,-0.323365076330709));
#2687=DIRECTION('',(0.337868689199744,0.337868689199743,-0.878458591919331));
#2688=DIRECTION('',(-0.933345606203059,0.,-0.35897907930887));
#2689=DIRECTION('',(1.15648231731787E-16,-1.,6.12323399573678E-17));
#2690=DIRECTION('',(1.,1.15648231731787E-16,0.));
#2691=DIRECTION('',(8.23258598768671E-16,-6.12323399573677E-17,-1.));
#2692=DIRECTION('',(8.23258598768671E-16,-6.12323399573677E-17,-1.));
#2693=DIRECTION('',(-1.,0.,-8.23258598768671E-16));
#2694=DIRECTION('',(-8.23258598768671E-16,0.,1.));
#2695=DIRECTION('',(5.82131737859462E-16,0.707106781186548,-0.707106781186547));
#2696=DIRECTION('',(8.23258598768671E-16,-6.12323399573677E-17,-1.));
#2697=DIRECTION('',(-1.,6.93079823158215E-17,-8.23258598768671E-16));
#2698=DIRECTION('',(-8.23258598768671E-16,0.,1.));
#2699=DIRECTION('',(-6.31139882145336E-16,-0.707106781186548,0.707106781186547));
#2700=DIRECTION('',(8.23258598768671E-16,-6.12323399573677E-17,-1.));
#2701=DIRECTION('',(6.63907386749242E-16,-0.707106781186547,-0.707106781186548));
#2702=DIRECTION('',(-1.,-1.15648231731787E-16,-8.23258598768671E-16));
#2703=DIRECTION('',(-6.31139882145337E-16,-0.707106781186548,0.707106781186547));
#2704=DIRECTION('',(5.82131737859462E-16,0.707106781186548,-0.707106781186547));
#2705=DIRECTION('',(-6.31139882145336E-16,-0.707106781186548,0.707106781186547));
#2706=DIRECTION('',(0.,-0.707106781186547,-0.707106781186548));
#2707=DIRECTION('',(-5.82131737859462E-16,-0.707106781186548,0.707106781186547));
#2708=DIRECTION('',(0.,-0.707106781186547,-0.707106781186548));
#2709=DIRECTION('',(8.23258598768671E-16,-6.12323399573677E-17,-1.));
#2710=DIRECTION('',(-1.,0.,-8.23258598768671E-16));
#2711=DIRECTION('',(-8.23258598768671E-16,6.12323399573677E-17,1.));
#2712=DIRECTION('',(1.,0.,8.23258598768671E-16));
#2713=CARTESIAN_POINT('',(0.,0.,0.));
#2714=CARTESIAN_POINT('',(-0.00340237140655515,-0.0205986630171538,-0.027878999710083));
#2715=CARTESIAN_POINT('',(-0.00340237140655516,0.036875,-0.027878999710083));
#2716=CARTESIAN_POINT('',(-0.0637773714065551,0.036875,-0.027878999710083));
#2717=CARTESIAN_POINT('',(0.0569726285934448,0.036875,-0.0278789997100829));
#2718=CARTESIAN_POINT('',(0.0569726285934448,-0.0205986630171538,-0.0278789997100829));
#2719=CARTESIAN_POINT('',(0.0569726285934449,-0.0780723260343075,-0.0278789997100829));
#2720=CARTESIAN_POINT('',(-0.0657773714065551,-0.0780723260343075,-0.027878999710083));
#2721=CARTESIAN_POINT('',(-0.0637773714065551,-0.0780723260343075,-0.027878999710083));
#2722=CARTESIAN_POINT('',(-0.0637773714065551,0.038875,-0.027878999710083));
#2723=CARTESIAN_POINT('',(-0.051125,-0.027875,-0.027878999710083));
#2724=CARTESIAN_POINT('',(-0.048355,-0.027875,-0.027878999710083));
#2725=CARTESIAN_POINT('',(0.051125,0.027875,-0.0278789997100829));
#2726=CARTESIAN_POINT('',(0.053895,0.027875,-0.0278789997100829));
#2727=CARTESIAN_POINT('',(0.051125,-0.027875,-0.0278789997100829));
#2728=CARTESIAN_POINT('',(0.053895,-0.027875,-0.0278789997100829));
#2729=CARTESIAN_POINT('',(-0.051125,0.027875,-0.027878999710083));
#2730=CARTESIAN_POINT('',(-0.048355,0.027875,-0.027878999710083));
#2731=CARTESIAN_POINT('',(0.0369726285934448,-0.0205986630171538,-0.0278789997100829));
#2732=CARTESIAN_POINT('',(0.0369726285934448,0.0319055619734987,-0.0278789997100829));
#2733=CARTESIAN_POINT('',(0.0369726285934448,0.0225929781964899,-0.0278789997100829));
#2734=CARTESIAN_POINT('',(0.0349726285934448,0.0319055619734987,-0.0278789997100829));
#2735=CARTESIAN_POINT('',(0.0349726285934448,0.0347339890982449,-0.0278789997100829));
#2736=CARTESIAN_POINT('',(0.00697262859344484,0.0347339890982449,-0.027878999710083));
#2737=CARTESIAN_POINT('',(0.00897262859344484,0.0347339890982449,-0.027878999710083));
#2738=CARTESIAN_POINT('',(0.00897262859344484,0.0319055619734987,-0.0278789997100829));
#2739=CARTESIAN_POINT('',(0.00697262859344484,0.0319055619734987,-0.027878999710083));
#2740=CARTESIAN_POINT('',(0.00697262859344484,-0.0205986630171538,-0.0278789997100829));
#2741=CARTESIAN_POINT('',(0.00697262859344484,0.0225929781964899,-0.027878999710083));
#2742=CARTESIAN_POINT('',(-0.0397641214065552,0.0225929781964899,-0.027878999710083));
#2743=CARTESIAN_POINT('',(-0.0374043371782327,0.0225929781964899,-0.027878999710083));
#2744=CARTESIAN_POINT('',(-0.0368520616716038,0.0183073202650486,-0.027878999710083));
#2745=CARTESIAN_POINT('',(-0.041137719603045,0.0188595957716777,-0.027878999710083));
#2746=CARTESIAN_POINT('',(-0.041137719603045,-0.04478062,-0.027878999710083));
#2747=CARTESIAN_POINT('',(-0.041137719603045,-0.0424208357716776,-0.027878999710083));
#2748=CARTESIAN_POINT('',(-0.0368520616716038,-0.0418685602650486,-0.027878999710083));
#2749=CARTESIAN_POINT('',(-0.0374043371782327,-0.0461542181964899,-0.027878999710083));
#2750=CARTESIAN_POINT('',(0.0462358785934449,-0.0461542181964899,-0.0278789997100829));
#2751=CARTESIAN_POINT('',(0.0438760943651225,-0.0461542181964899,-0.0278789997100829));
#2752=CARTESIAN_POINT('',(0.0433238188584934,-0.0418685602650486,-0.0278789997100829));
#2753=CARTESIAN_POINT('',(0.0476094767899347,-0.0424208357716776,-0.0278789997100829));
#2754=CARTESIAN_POINT('',(0.0476094767899347,0.02121938,-0.0278789997100829));
#2755=CARTESIAN_POINT('',(0.0476094767899347,0.0188595957716777,-0.0278789997100829));
#2756=CARTESIAN_POINT('',(0.0433238188584934,0.0183073202650486,-0.0278789997100829));
#2757=CARTESIAN_POINT('',(0.0438760943651225,0.0225929781964899,-0.0278789997100829));
#2758=CARTESIAN_POINT('',(-0.0397641214065552,0.0225929781964899,-0.027878999710083));
#2759=CARTESIAN_POINT('',(-0.00340237140655516,-0.0205986630171538,-0.024878999710083));
#2760=CARTESIAN_POINT('',(-0.051125,-0.027875,-0.024878999710083));
#2761=CARTESIAN_POINT('',(-0.047375,-0.027875,-0.024878999710083));
#2762=CARTESIAN_POINT('',(-0.051125,0.027875,-0.024878999710083));
#2763=CARTESIAN_POINT('',(-0.047375,0.027875,-0.024878999710083));
#2764=CARTESIAN_POINT('',(0.00697262859344483,-0.0205986630171538,-0.0248789997100829));
#2765=CARTESIAN_POINT('',(0.00697262859344484,0.0289055619734988,-0.024878999710083));
#2766=CARTESIAN_POINT('',(0.00697262859344484,0.0225929781964899,-0.024878999710083));
#2767=CARTESIAN_POINT('',(0.00897262859344484,0.0289055619734988,-0.0248789997100829));
#2768=CARTESIAN_POINT('',(0.00897262859344484,0.0317339890982449,-0.0248789997100829));
#2769=CARTESIAN_POINT('',(-0.00340237140655516,0.0317339890982449,-0.024878999710083));
#2770=CARTESIAN_POINT('',(0.0349726285934448,0.0317339890982449,-0.0248789997100829));
#2771=CARTESIAN_POINT('',(0.0349726285934448,0.0289055619734988,-0.0248789997100829));
#2772=CARTESIAN_POINT('',(0.0369726285934448,0.0289055619734988,-0.0248789997100829));
#2773=CARTESIAN_POINT('',(0.0369726285934448,-0.0205986630171538,-0.0248789997100829));
#2774=CARTESIAN_POINT('',(0.0369726285934448,0.0225929781964899,-0.0248789997100829));
#2775=CARTESIAN_POINT('',(-0.00340237140655516,0.0225929781964899,-0.024878999710083));
#2776=CARTESIAN_POINT('',(0.0438760943651225,0.0225929781964899,-0.0248789997100829));
#2777=CARTESIAN_POINT('',(0.0433238188584934,0.0183073202650486,-0.0248789997100829));
#2778=CARTESIAN_POINT('',(0.0476094767899347,0.0188595957716777,-0.0248789997100829));
#2779=CARTESIAN_POINT('',(0.0476094767899347,-0.0205986630171538,-0.0248789997100829));
#2780=CARTESIAN_POINT('',(0.0476094767899347,-0.0265697810300596,-0.0248789997100829));
#2781=CARTESIAN_POINT('',(0.051125,-0.027875,-0.0248789997100829));
#2782=CARTESIAN_POINT('',(0.051125,-0.024125,-0.0248789997100829));
#2783=CARTESIAN_POINT('',(0.0530488142967225,-0.024125,-0.0248789997100829));
#2784=CARTESIAN_POINT('',(0.0529726285934449,-0.024125,-0.0248789997100829));
#2785=CARTESIAN_POINT('',(0.0529726285934449,-0.0205986630171538,-0.0248789997100829));
#2786=CARTESIAN_POINT('',(0.0529726285934449,0.024125,-0.0248789997100829));
#2787=CARTESIAN_POINT('',(0.0530488142967225,0.024125,-0.0248789997100829));
#2788=CARTESIAN_POINT('',(0.051125,0.024125,-0.0248789997100829));
#2789=CARTESIAN_POINT('',(0.051125,0.027875,-0.0248789997100829));
#2790=CARTESIAN_POINT('',(0.051125,0.031625,-0.0248789997100829));
#2791=CARTESIAN_POINT('',(0.0530488142967225,0.031625,-0.0248789997100829));
#2792=CARTESIAN_POINT('',(0.0529726285934449,0.031625,-0.0248789997100829));
#2793=CARTESIAN_POINT('',(0.0529726285934449,-0.0205986630171538,-0.0248789997100829));
#2794=CARTESIAN_POINT('',(0.0529726285934449,0.032875,-0.0248789997100829));
#2795=CARTESIAN_POINT('',(-0.00340237140655516,0.032875,-0.024878999710083));
#2796=CARTESIAN_POINT('',(-0.0597773714065551,0.032875,-0.0248789997100831));
#2797=CARTESIAN_POINT('',(-0.0597773714065551,-0.0205986630171538,-0.024878999710083));
#2798=CARTESIAN_POINT('',(-0.0597773714065551,-0.0740723260343075,-0.024878999710083));
#2799=CARTESIAN_POINT('',(-0.00340237140655515,-0.0740723260343075,-0.024878999710083));
#2800=CARTESIAN_POINT('',(0.0529726285934449,-0.0740723260343075,-0.0248789997100829));
#2801=CARTESIAN_POINT('',(0.0529726285934449,-0.0205986630171538,-0.0248789997100829));
#2802=CARTESIAN_POINT('',(0.0529726285934449,-0.031625,-0.0248789997100829));
#2803=CARTESIAN_POINT('',(0.0530488142967225,-0.031625,-0.0248789997100829));
#2804=CARTESIAN_POINT('',(0.051125,-0.031625,-0.0248789997100829));
#2805=CARTESIAN_POINT('',(0.051125,-0.027875,-0.0248789997100829));
#2806=CARTESIAN_POINT('',(0.0476094767899347,-0.0291802189699403,-0.0248789997100829));
#2807=CARTESIAN_POINT('',(0.0476094767899347,-0.0205986630171538,-0.0248789997100829));
#2808=CARTESIAN_POINT('',(0.0476094767899347,-0.0424208357716776,-0.0248789997100829));
#2809=CARTESIAN_POINT('',(0.0433238188584934,-0.0418685602650486,-0.0248789997100829));
#2810=CARTESIAN_POINT('',(0.0438760943651225,-0.0461542181964899,-0.0248789997100829));
#2811=CARTESIAN_POINT('',(-0.00340237140655516,-0.0461542181964899,-0.024878999710083));
#2812=CARTESIAN_POINT('',(-0.0374043371782327,-0.0461542181964899,-0.024878999710083));
#2813=CARTESIAN_POINT('',(-0.0368520616716037,-0.0418685602650486,-0.024878999710083));
#2814=CARTESIAN_POINT('',(-0.041137719603045,-0.0424208357716776,-0.024878999710083));
#2815=CARTESIAN_POINT('',(-0.041137719603045,-0.0205986630171538,-0.024878999710083));
#2816=CARTESIAN_POINT('',(-0.041137719603045,0.0188595957716776,-0.024878999710083));
#2817=CARTESIAN_POINT('',(-0.0368520616716038,0.0183073202650486,-0.024878999710083));
#2818=CARTESIAN_POINT('',(-0.0374043371782327,0.0225929781964899,-0.024878999710083));
#2819=CARTESIAN_POINT('',(-0.00340237140655516,0.0225929781964899,-0.024878999710083));
#2820=CARTESIAN_POINT('',(0.00323587859344487,0.01621938,-0.040878999710083));
#2821=CARTESIAN_POINT('',(0.0369726285934448,0.01621938,-0.0408789997100829));
#2822=CARTESIAN_POINT('',(0.0369726285934448,0.0207262869840838,-0.0291610415514652));
#2823=CARTESIAN_POINT('',(0.0369726285934448,0.0192193881964898,-0.0330789783992093));
#2824=CARTESIAN_POINT('',(0.0462358785934449,0.0207262869840838,-0.0291610415514652));
#2825=CARTESIAN_POINT('',(0.0438760943651225,0.0207262869840838,-0.0291610415514652));
#2826=CARTESIAN_POINT('',(0.0352443804418157,0.012094573060777,-0.0516034977520629));
#2827=CARTESIAN_POINT('',(0.039862280396955,0.0167124730159162,-0.0395969578687007));
#2828=CARTESIAN_POINT('',(-0.0347641214065551,0.0167124730159162,-0.0395969578687008));
#2829=CARTESIAN_POINT('',(-0.0333905232100652,0.0167124730159162,-0.0395969578687008));
#2830=CARTESIAN_POINT('',(-0.0287726232549259,0.0120945730607769,-0.0516034977520629));
#2831=CARTESIAN_POINT('',(-0.0374043371782327,0.0207262869840838,-0.0291610415514652));
#2832=CARTESIAN_POINT('',(0.0462358785934449,0.0207262869840838,-0.0291610415514652));
#2833=CARTESIAN_POINT('',(0.00697262859344484,0.0207262869840838,-0.0291610415514652));
#2834=CARTESIAN_POINT('',(0.00697262859344485,0.01621938,-0.040878999710083));
#2835=CARTESIAN_POINT('',(0.00697262859344484,0.0192193881964898,-0.0330789783992093));
#2836=CARTESIAN_POINT('',(0.00897262859344484,0.0192193881964898,-0.0330789783992093));
#2837=CARTESIAN_POINT('',(0.00897262859344485,0.0172193881964899,-0.0382789783992094));
#2838=CARTESIAN_POINT('',(0.00323587859344487,0.0172193881964899,-0.0382789783992094));
#2839=CARTESIAN_POINT('',(0.0349726285934448,0.0172193881964899,-0.0382789783992094));
#2840=CARTESIAN_POINT('',(0.0349726285934448,0.0192193881964898,-0.0330789783992093));
#2841=CARTESIAN_POINT('',(-0.00340237140655516,0.0225929781964899,-0.029878999710083));
#2842=CARTESIAN_POINT('',(0.0369726285934448,0.0225929781964899,-0.0298789997100829));
#2843=CARTESIAN_POINT('',(0.0438760943651225,0.0225929781964899,-0.0298789997100829));
#2844=CARTESIAN_POINT('',(-0.00340237140655516,0.02121938,-0.024878999710083));
#2845=CARTESIAN_POINT('',(-0.00340237140655516,0.0207262869840838,-0.0261610415514652));
#2846=CARTESIAN_POINT('',(0.0438760943651225,0.0207262869840838,-0.0261610415514652));
#2847=CARTESIAN_POINT('',(0.0369726285934448,0.0207262869840838,-0.0261610415514652));
#2848=CARTESIAN_POINT('',(0.0369726285934448,0.02121938,-0.0248789997100829));
#2849=CARTESIAN_POINT('',(0.0369726285934448,0.0192193881964898,-0.0300789783992093));
#2850=CARTESIAN_POINT('',(0.0349726285934448,0.0192193881964898,-0.0300789783992093));
#2851=CARTESIAN_POINT('',(0.0349726285934448,0.0172193881964899,-0.0352789783992093));
#2852=CARTESIAN_POINT('',(-0.00340237140655515,0.0172193881964899,-0.0352789783992094));
#2853=CARTESIAN_POINT('',(0.00897262859344484,0.0172193881964899,-0.0352789783992093));
#2854=CARTESIAN_POINT('',(0.00897262859344484,0.0192193881964898,-0.0300789783992093));
#2855=CARTESIAN_POINT('',(0.00697262859344484,0.0192193881964898,-0.0300789783992093));
#2856=CARTESIAN_POINT('',(0.00697262859344484,0.02121938,-0.024878999710083));
#2857=CARTESIAN_POINT('',(0.00697262859344484,0.0207262869840838,-0.0261610415514652));
#2858=CARTESIAN_POINT('',(-0.00340237140655516,0.0207262869840838,-0.0261610415514652));
#2859=CARTESIAN_POINT('',(-0.0374043371782327,0.0207262869840838,-0.0261610415514652));
#2860=CARTESIAN_POINT('',(-0.0331105227983049,0.016432472604156,-0.0373249589392776));
#2861=CARTESIAN_POINT('',(-0.0333905232100652,0.0167124730159162,-0.0365969578687008));
#2862=CARTESIAN_POINT('',(-0.00340237140655515,0.0167124730159162,-0.0365969578687007));
#2863=CARTESIAN_POINT('',(0.039862280396955,0.0167124730159162,-0.0365969578687007));
#2864=CARTESIAN_POINT('',(0.0445822799851947,0.0214324726041559,-0.0243249589392774));
#2865=CARTESIAN_POINT('',(-0.00340237140655516,0.0225929781964899,-0.026878999710083));
#2866=CARTESIAN_POINT('',(0.0369726285934448,0.0225929781964899,-0.0268789997100829));
#2867=CARTESIAN_POINT('',(0.0438760943651225,0.0225929781964899,-0.0268789997100829));
#2868=CARTESIAN_POINT('',(0.0549726285934449,-0.0205986630171537,-0.00487899971008293));
#2869=CARTESIAN_POINT('',(0.0549726285934449,0.024125,-0.0152789997100829));
#2870=CARTESIAN_POINT('',(0.0549726285934449,0.024125,-0.0152789997100829));
#2871=CARTESIAN_POINT('',(0.0549726285934449,0.024125,-0.0228789997100829));
#2872=CARTESIAN_POINT('',(0.0549726285934449,-0.0205986630171537,-0.0228789997100829));
#2873=CARTESIAN_POINT('',(0.0549726285934449,-0.024125,-0.0228789997100829));
#2874=CARTESIAN_POINT('',(0.0549726285934449,-0.024125,-0.0152789997100829));
#2875=CARTESIAN_POINT('',(0.0549726285934449,-0.024125,-0.0152789997100829));
#2876=CARTESIAN_POINT('',(0.0549726285934449,-0.0205986630171537,-0.0152789997100829));
#2877=CARTESIAN_POINT('',(0.0549726285934449,-0.031625,-0.0152789997100829));
#2878=CARTESIAN_POINT('',(0.0549726285934449,-0.031625,-0.0152789997100829));
#2879=CARTESIAN_POINT('',(0.0549726285934449,-0.031625,-0.0228789997100829));
#2880=CARTESIAN_POINT('',(0.0549726285934449,-0.0205986630171537,-0.0228789997100829));
#2881=CARTESIAN_POINT('',(0.0549726285934449,-0.0740723260343075,-0.0228789997100829));
#2882=CARTESIAN_POINT('',(0.0549726285934449,-0.0740723260343075,-0.00487899971008293));
#2883=CARTESIAN_POINT('',(0.0549726285934449,-0.0740723260343075,-0.00487899971008293));
#2884=CARTESIAN_POINT('',(0.0549726285934449,-0.0205986630171537,-0.00487899971008293));
#2885=CARTESIAN_POINT('',(0.0549726285934448,0.032875,-0.00487899971008293));
#2886=CARTESIAN_POINT('',(0.0549726285934448,0.032875,-0.00487899971008293));
#2887=CARTESIAN_POINT('',(0.0549726285934449,0.032875,-0.0228789997100829));
#2888=CARTESIAN_POINT('',(0.0549726285934449,-0.0205986630171537,-0.0228789997100829));
#2889=CARTESIAN_POINT('',(0.0549726285934449,0.031625,-0.0228789997100829));
#2890=CARTESIAN_POINT('',(0.0549726285934449,0.031625,-0.0152789997100829));
#2891=CARTESIAN_POINT('',(0.0549726285934449,0.031625,-0.0152789997100829));
#2892=CARTESIAN_POINT('',(0.0549726285934449,-0.0205986630171537,-0.0152789997100829));
#2893=CARTESIAN_POINT('',(-0.00340237140655516,-0.0800723260343075,-0.024878999710083));
#2894=CARTESIAN_POINT('',(0.0589726285934448,-0.0800723260343075,-0.0258789997100829));
#2895=CARTESIAN_POINT('',(-0.0637773714065551,-0.0800723260343075,-0.025878999710083));
#2896=CARTESIAN_POINT('',(0.0569726285934449,-0.0800723260343075,-0.0258789997100829));
#2897=CARTESIAN_POINT('',(0.0569726285934448,-0.0800723260343075,-0.00487899971008293));
#2898=CARTESIAN_POINT('',(0.0569726285934448,-0.0800723260343075,-0.00487899971008292));
#2899=CARTESIAN_POINT('',(-0.00340237140655518,-0.0800723260343075,-0.00487899971008297));
#2900=CARTESIAN_POINT('',(-0.0637773714065551,-0.0800723260343075,-0.00487899971008302));
#2901=CARTESIAN_POINT('',(-0.0637773714065551,-0.0800723260343075,-0.024878999710083));
#2902=CARTESIAN_POINT('',(0.0589726285934448,-0.0205986630171538,-0.0248789997100829));
#2903=CARTESIAN_POINT('',(0.0589726285934448,-0.0205986630171538,-0.0258789997100829));
#2904=CARTESIAN_POINT('',(0.0589726285934449,-0.0780723260343075,-0.0258789997100829));
#2905=CARTESIAN_POINT('',(0.0589726285934448,0.036875,-0.0258789997100829));
#2906=CARTESIAN_POINT('',(0.0589726285934448,0.036875,-0.0248789997100829));
#2907=CARTESIAN_POINT('',(0.0589726285934448,0.036875,-0.00487899971008293));
#2908=CARTESIAN_POINT('',(0.0589726285934448,-0.0205986630171538,-0.00487899971008293));
#2909=CARTESIAN_POINT('',(0.0589726285934448,-0.0780723260343075,-0.00487899971008292));
#2910=CARTESIAN_POINT('',(0.0589726285934449,-0.0780723260343075,-0.0278789997100829));
#2911=CARTESIAN_POINT('',(-0.00340237140655519,0.038875,-0.024878999710083));
#2912=CARTESIAN_POINT('',(-0.0034023714065552,0.038875,-0.00487899971008298));
#2913=CARTESIAN_POINT('',(0.0569726285934448,0.038875,-0.00487899971008293));
#2914=CARTESIAN_POINT('',(-0.0637773714065552,0.038875,-0.00487899971008303));
#2915=CARTESIAN_POINT('',(0.0569726285934448,0.038875,-0.0248789997100829));
#2916=CARTESIAN_POINT('',(0.0569726285934448,0.038875,-0.0258789997100829));
#2917=CARTESIAN_POINT('',(-0.00340237140655518,0.038875,-0.025878999710083));
#2918=CARTESIAN_POINT('',(-0.0637773714065551,0.038875,-0.025878999710083));
#2919=CARTESIAN_POINT('',(-0.0637773714065552,0.038875,-0.00487899971008303));
#2920=CARTESIAN_POINT('',(-0.0657773714065551,-0.0205986630171538,-0.0248789997100831));
#2921=CARTESIAN_POINT('',(-0.0657773714065551,-0.0800723260343075,-0.025878999710083));
#2922=CARTESIAN_POINT('',(-0.0657773714065551,0.036875,-0.025878999710083));
#2923=CARTESIAN_POINT('',(-0.0657773714065551,-0.0780723260343075,-0.025878999710083));
#2924=CARTESIAN_POINT('',(-0.0657773714065551,-0.0780723260343075,-0.0248789997100831));
#2925=CARTESIAN_POINT('',(-0.0657773714065552,-0.0780723260343075,-0.00487899971008303));
#2926=CARTESIAN_POINT('',(-0.0657773714065552,-0.0205986630171538,-0.00487899971008303));
#2927=CARTESIAN_POINT('',(-0.0657773714065552,0.036875,-0.00487899971008303));
#2928=CARTESIAN_POINT('',(-0.0657773714065551,0.036875,-0.027878999710083));
#2929=CARTESIAN_POINT('',(-0.0597773714065551,0.032875,-0.00487899971008303));
#2930=CARTESIAN_POINT('',(-0.0617773714065551,0.032875,-0.00487899971008303));
#2931=CARTESIAN_POINT('',(-0.0617773714065551,0.032875,-0.00487899971008303));
#2932=CARTESIAN_POINT('',(-0.0617773714065551,0.032875,-0.022878999710083));
#2933=CARTESIAN_POINT('',(-0.0597773714065551,0.032875,-0.022878999710083));
#2934=CARTESIAN_POINT('',(-0.0597773714065552,0.034875,-0.022878999710083));
#2935=CARTESIAN_POINT('',(-0.0597773714065552,0.034875,-0.00487899971008303));
#2936=CARTESIAN_POINT('',(-0.0597773714065552,0.034875,-0.00487899971008303));
#2937=CARTESIAN_POINT('',(-0.0597773714065551,0.032875,-0.00487899971008303));
#2938=CARTESIAN_POINT('',(-0.00340237140655515,0.034875,-0.00487899971008298));
#2939=CARTESIAN_POINT('',(-0.00340237140655514,0.034875,-0.022878999710083));
#2940=CARTESIAN_POINT('',(0.0529726285934449,0.034875,-0.0228789997100829));
#2941=CARTESIAN_POINT('',(0.0529726285934449,0.034875,-0.00487899971008294));
#2942=CARTESIAN_POINT('',(0.0529726285934449,0.034875,-0.00487899971008294));
#2943=CARTESIAN_POINT('',(-0.00340237140655515,0.034875,-0.00487899971008298));
#2944=CARTESIAN_POINT('',(0.0529726285934448,0.032875,-0.00487899971008294));
#2945=CARTESIAN_POINT('',(0.0529726285934449,0.032875,-0.0228789997100829));
#2946=CARTESIAN_POINT('',(0.0529726285934448,0.032875,-0.00487899971008294));
#2947=CARTESIAN_POINT('',(0.0529726285934448,-0.0740723260343074,-0.00487899971008293));
#2948=CARTESIAN_POINT('',(0.0529726285934449,-0.0740723260343074,-0.0228789997100829));
#2949=CARTESIAN_POINT('',(0.0529726285934449,-0.0760723260343075,-0.0228789997100829));
#2950=CARTESIAN_POINT('',(0.0529726285934449,-0.0760723260343075,-0.00487899971008293));
#2951=CARTESIAN_POINT('',(0.0529726285934449,-0.0760723260343075,-0.00487899971008293));
#2952=CARTESIAN_POINT('',(0.0529726285934448,-0.0740723260343074,-0.00487899971008293));
#2953=CARTESIAN_POINT('',(-0.00340237140655514,-0.0760723260343075,-0.00487899971008297));
#2954=CARTESIAN_POINT('',(-0.00340237140655513,-0.0760723260343075,-0.0228789997100829));
#2955=CARTESIAN_POINT('',(-0.0597773714065551,-0.0760723260343075,-0.022878999710083));
#2956=CARTESIAN_POINT('',(-0.0597773714065551,-0.0760723260343075,-0.00487899971008302));
#2957=CARTESIAN_POINT('',(-0.0597773714065551,-0.0760723260343075,-0.00487899971008302));
#2958=CARTESIAN_POINT('',(-0.00340237140655514,-0.0760723260343075,-0.00487899971008297));
#2959=CARTESIAN_POINT('',(-0.0597773714065551,-0.0740723260343075,-0.00487899971008302));
#2960=CARTESIAN_POINT('',(-0.0597773714065551,-0.0740723260343075,-0.022878999710083));
#2961=CARTESIAN_POINT('',(-0.0617773714065551,-0.0740723260343075,-0.022878999710083));
#2962=CARTESIAN_POINT('',(-0.0617773714065551,-0.0740723260343075,-0.00487899971008302));
#2963=CARTESIAN_POINT('',(-0.0617773714065551,-0.0740723260343075,-0.00487899971008302));
#2964=CARTESIAN_POINT('',(-0.0597773714065551,-0.0740723260343075,-0.00487899971008302));
#2965=CARTESIAN_POINT('',(-0.0617773714065551,-0.0205986630171538,-0.00487899971008303));
#2966=CARTESIAN_POINT('',(-0.0617773714065551,-0.0205986630171538,-0.022878999710083));
#2967=CARTESIAN_POINT('',(-0.0617773714065551,-0.0205986630171538,-0.00487899971008303));
#2968=CARTESIAN_POINT('',(-0.00340237140655516,-0.0205986630171538,-0.00487899971008298));
#2969=CARTESIAN_POINT('',(0.0569726285934448,0.036875,-0.00487899971008293));
#2970=CARTESIAN_POINT('',(-0.0637773714065552,0.036875,-0.00487899971008303));
#2971=CARTESIAN_POINT('',(-0.0637773714065551,-0.0780723260343075,-0.00487899971008302));
#2972=CARTESIAN_POINT('',(0.0569726285934448,-0.0780723260343075,-0.00487899971008293));
#2973=CARTESIAN_POINT('',(-0.051125,0.027875,-0.027878999710083));
#2974=CARTESIAN_POINT('',(-0.051125,0.027875,-0.0267056239347176));
#2975=CARTESIAN_POINT('',(-0.049375,0.027875,-0.0267056239347176));
#2976=CARTESIAN_POINT('',(-0.051125,0.027875,-0.015278999710083));
#2977=CARTESIAN_POINT('',(-0.049375,0.027875,-0.015278999710083));
#2978=CARTESIAN_POINT('',(-0.051125,0.027875,-0.027878999710083));
#2979=CARTESIAN_POINT('',(0.051125,-0.027875,-0.0278789997100829));
#2980=CARTESIAN_POINT('',(0.051125,-0.027875,-0.0267056239347175));
#2981=CARTESIAN_POINT('',(0.052875,-0.027875,-0.0267056239347175));
#2982=CARTESIAN_POINT('',(0.051125,-0.027875,-0.0152789997100829));
#2983=CARTESIAN_POINT('',(0.052875,-0.027875,-0.0152789997100829));
#2984=CARTESIAN_POINT('',(0.051125,-0.027875,-0.0278789997100829));
#2985=CARTESIAN_POINT('',(0.051125,0.027875,-0.0278789997100829));
#2986=CARTESIAN_POINT('',(0.051125,0.027875,-0.0267056239347175));
#2987=CARTESIAN_POINT('',(0.052875,0.027875,-0.0267056239347175));
#2988=CARTESIAN_POINT('',(0.051125,0.027875,-0.0152789997100829));
#2989=CARTESIAN_POINT('',(0.052875,0.027875,-0.0152789997100829));
#2990=CARTESIAN_POINT('',(0.051125,0.027875,-0.0278789997100829));
#2991=CARTESIAN_POINT('',(-0.051125,-0.027875,-0.027878999710083));
#2992=CARTESIAN_POINT('',(-0.051125,-0.027875,-0.0267056239347176));
#2993=CARTESIAN_POINT('',(-0.049375,-0.027875,-0.0267056239347176));
#2994=CARTESIAN_POINT('',(-0.051125,-0.027875,-0.015278999710083));
#2995=CARTESIAN_POINT('',(-0.049375,-0.027875,-0.015278999710083));
#2996=CARTESIAN_POINT('',(-0.051125,-0.027875,-0.027878999710083));
#2997=CARTESIAN_POINT('',(-0.051125,-0.027875,-0.015278999710083));
#2998=CARTESIAN_POINT('',(-0.051125,-0.027875,-0.015278999710083));
#2999=CARTESIAN_POINT('',(-0.047375,-0.027875,-0.015278999710083));
#3000=CARTESIAN_POINT('',(-0.00340237140655513,-0.0205986630171537,-0.015278999710083));
#3001=CARTESIAN_POINT('',(0.0530488142967225,0.031625,-0.0152789997100829));
#3002=CARTESIAN_POINT('',(0.0529726285934449,0.031625,-0.0228789997100829));
#3003=CARTESIAN_POINT('',(0.051125,0.031625,-0.0152789997100829));
#3004=CARTESIAN_POINT('',(0.051125,0.031625,-0.0152789997100829));
#3005=CARTESIAN_POINT('',(0.0530488142967225,0.031625,-0.0152789997100829));
#3006=CARTESIAN_POINT('',(0.051125,0.027875,-0.0152789997100829));
#3007=CARTESIAN_POINT('',(0.051125,0.024125,-0.0152789997100829));
#3008=CARTESIAN_POINT('',(0.051125,0.024125,-0.0152789997100829));
#3009=CARTESIAN_POINT('',(0.051125,0.027875,-0.0152789997100829));
#3010=CARTESIAN_POINT('',(0.0530488142967225,0.024125,-0.0152789997100829));
#3011=CARTESIAN_POINT('',(0.0529726285934449,0.024125,-0.0228789997100829));
#3012=CARTESIAN_POINT('',(0.0530488142967225,0.024125,-0.0152789997100829));
#3013=CARTESIAN_POINT('',(-0.00340237140655513,-0.0205986630171537,-0.015278999710083));
#3014=CARTESIAN_POINT('',(0.051125,-0.027875,-0.0152789997100829));
#3015=CARTESIAN_POINT('',(0.0476094767899347,-0.0265697810300597,-0.024878999710083));
#3016=CARTESIAN_POINT('',(0.0474531240064211,-0.0269909071798163,-0.024878999710083));
#3017=CARTESIAN_POINT('',(0.0472968736039953,-0.0278793414481795,-0.0249065843587136));
#3018=CARTESIAN_POINT('',(0.0474531313100783,-0.0287591124921137,-0.024878999710083));
#3019=CARTESIAN_POINT('',(0.0476094767899347,-0.0291802189699404,-0.024878999710083));
#3020=CARTESIAN_POINT('',(0.051125,-0.031625,-0.0152789997100829));
#3021=CARTESIAN_POINT('',(0.051125,-0.031625,-0.0152789997100829));
#3022=CARTESIAN_POINT('',(0.051125,-0.027875,-0.0152789997100829));
#3023=CARTESIAN_POINT('',(0.051125,-0.024125,-0.0152789997100829));
#3024=CARTESIAN_POINT('',(0.051125,-0.024125,-0.0152789997100829));
#3025=CARTESIAN_POINT('',(0.0530488142967225,-0.031625,-0.0152789997100829));
#3026=CARTESIAN_POINT('',(0.0529726285934449,-0.031625,-0.0228789997100829));
#3027=CARTESIAN_POINT('',(0.0530488142967225,-0.031625,-0.0152789997100829));
#3028=CARTESIAN_POINT('',(0.0530488142967225,-0.024125,-0.0152789997100829));
#3029=CARTESIAN_POINT('',(0.0529726285934449,-0.024125,-0.0228789997100829));
#3030=CARTESIAN_POINT('',(0.0530488142967225,-0.024125,-0.0152789997100829));
#3031=CARTESIAN_POINT('',(-0.00340237140655513,-0.0205986630171537,-0.015278999710083));
#3032=CARTESIAN_POINT('',(-0.051125,0.027875,-0.015278999710083));
#3033=CARTESIAN_POINT('',(-0.051125,0.027875,-0.015278999710083));
#3034=CARTESIAN_POINT('',(-0.047375,0.027875,-0.015278999710083));
#3035=CARTESIAN_POINT('',(-0.00340237140655513,-0.0205986630171537,-0.015278999710083));
#3036=CARTESIAN_POINT('',(0.0529726285934449,-0.0205986630171537,-0.0228789997100829));
#3037=CARTESIAN_POINT('',(0.0529726285934449,-0.0205986630171537,-0.0228789997100829));
#3038=CARTESIAN_POINT('',(0.0529726285934449,-0.0740723260343075,-0.0228789997100829));
#3039=CARTESIAN_POINT('',(0.0529726285934449,-0.0740723260343074,-0.0228789997100829));
#3040=CARTESIAN_POINT('',(0.0529726285934449,-0.0740723260343075,-0.0228789997100829));
#3041=CARTESIAN_POINT('',(-0.00340237140655513,-0.0740723260343075,-0.0228789997100829));
#3042=CARTESIAN_POINT('',(-0.0597773714065551,-0.0740723260343075,-0.022878999710083));
#3043=CARTESIAN_POINT('',(-0.0597773714065551,-0.0740723260343075,-0.022878999710083));
#3044=CARTESIAN_POINT('',(-0.0597773714065551,-0.0740723260343075,-0.022878999710083));
#3045=CARTESIAN_POINT('',(-0.0597773714065551,-0.0205986630171538,-0.022878999710083));
#3046=CARTESIAN_POINT('',(-0.0597773714065551,0.032875,-0.022878999710083));
#3047=CARTESIAN_POINT('',(-0.0597773714065551,0.032875,-0.022878999710083));
#3048=CARTESIAN_POINT('',(-0.0597773714065551,0.032875,-0.022878999710083));
#3049=CARTESIAN_POINT('',(-0.00340237140655514,0.032875,-0.022878999710083));
#3050=CARTESIAN_POINT('',(0.0529726285934449,0.032875,-0.0228789997100829));
#3051=CARTESIAN_POINT('',(0.0529726285934449,0.032875,-0.0228789997100829));
#3052=CARTESIAN_POINT('',(0.0529726285934449,0.032875,-0.0228789997100829));
#3053=CARTESIAN_POINT('',(0.0529726285934449,-0.0205986630171537,-0.0228789997100829));
#3054=CARTESIAN_POINT('',(-0.0637773714065551,-0.0780723260343075,-0.024878999710083));
#3055=CARTESIAN_POINT('',(-0.0637773714065551,-0.0780723260343075,-0.025878999710083));
#3056=CARTESIAN_POINT('',(-0.0637773714065551,0.036875,-0.0248789997100831));
#3057=CARTESIAN_POINT('',(-0.0637773714065551,0.036875,-0.025878999710083));
#3058=CARTESIAN_POINT('',(-0.0637773714065551,-0.0205986630171538,-0.025878999710083));
#3059=CARTESIAN_POINT('',(-0.0637773714065551,-0.0780723260343075,-0.025878999710083));
#3060=CARTESIAN_POINT('',(-0.0637773714065551,0.036875,-0.025878999710083));
#3061=CARTESIAN_POINT('',(-0.0637773714065551,-0.0780723260343075,-0.025878999710083));
#3062=CARTESIAN_POINT('',(-0.0637773714065551,-0.0780723260343075,-0.025878999710083));
#3063=CARTESIAN_POINT('',(-0.0637773714065551,0.036875,-0.025878999710083));
#3064=CARTESIAN_POINT('',(-0.0637773714065551,0.036875,-0.025878999710083));
#3065=CARTESIAN_POINT('',(-0.00340237140655514,-0.0780723260343075,-0.025878999710083));
#3066=CARTESIAN_POINT('',(0.0569726285934449,-0.0780723260343075,-0.0258789997100829));
#3067=CARTESIAN_POINT('',(0.0569726285934449,-0.0780723260343075,-0.0248789997100829));
#3068=CARTESIAN_POINT('',(0.0569726285934449,-0.0780723260343075,-0.0258789997100829));
#3069=CARTESIAN_POINT('',(0.0569726285934448,0.036875,-0.0248789997100829));
#3070=CARTESIAN_POINT('',(0.0569726285934448,0.036875,-0.0258789997100829));
#3071=CARTESIAN_POINT('',(-0.00340237140655518,0.036875,-0.025878999710083));
#3072=CARTESIAN_POINT('',(0.0569726285934448,0.036875,-0.0258789997100829));
#3073=CARTESIAN_POINT('',(0.0569726285934449,-0.0780723260343075,-0.0258789997100829));
#3074=CARTESIAN_POINT('',(0.0569726285934449,-0.0780723260343075,-0.0258789997100829));
#3075=CARTESIAN_POINT('',(0.0569726285934448,0.036875,-0.0258789997100829));
#3076=CARTESIAN_POINT('',(0.0569726285934448,0.036875,-0.0258789997100829));
#3077=CARTESIAN_POINT('',(0.0569726285934448,-0.0205986630171538,-0.0258789997100829));
#3078=CARTESIAN_POINT('',(-0.00340237140655513,-0.0205986630171538,-0.040878999710083));
#3079=CARTESIAN_POINT('',(-0.0347641214065551,-0.0384070218035102,-0.040878999710083));
#3080=CARTESIAN_POINT('',(0.039862280396955,-0.0384070218035102,-0.0408789997100829));
#3081=CARTESIAN_POINT('',(-0.0333905232100652,-0.0384070218035102,-0.040878999710083));
#3082=CARTESIAN_POINT('',(-0.0333905232100652,0.01621938,-0.040878999710083));
#3083=CARTESIAN_POINT('',(-0.0333905232100652,0.0148457818035101,-0.040878999710083));
#3084=CARTESIAN_POINT('',(0.0412358785934449,0.0148457818035101,-0.0408789997100829));
#3085=CARTESIAN_POINT('',(0.039862280396955,0.0148457818035101,-0.0408789997100829));
#3086=CARTESIAN_POINT('',(0.039862280396955,-0.03978062,-0.0408789997100829));
#3087=CARTESIAN_POINT('',(-0.0397641214065552,-0.0205986630171538,-0.027878999710083));
#3088=CARTESIAN_POINT('',(-0.03721671663824,-0.0403665240192788,-0.0345022521077022));
#3089=CARTESIAN_POINT('',(-0.0352572144224714,-0.0384070218035102,-0.0395969578687008));
#3090=CARTESIAN_POINT('',(-0.0392710283906389,-0.0424208357716776,-0.0291610415514652));
#3091=CARTESIAN_POINT('',(-0.0392710283906389,0.02121938,-0.0291610415514652));
#3092=CARTESIAN_POINT('',(-0.0392710283906389,0.0188595957716777,-0.0291610415514652));
#3093=CARTESIAN_POINT('',(-0.0352034648078397,0.0147920321888784,-0.0397367068667433));
#3094=CARTESIAN_POINT('',(-0.0352572144224714,0.0148457818035101,-0.0395969578687008));
#3095=CARTESIAN_POINT('',(-0.0352572144224714,-0.03978062,-0.0395969578687008));
#3096=CARTESIAN_POINT('',(-0.00340237140655515,-0.04478062,-0.027878999710083));
#3097=CARTESIAN_POINT('',(0.0389158130902175,-0.0393272457091788,-0.0420577728662181));
#3098=CARTESIAN_POINT('',(0.039862280396955,-0.0402737130159163,-0.0395969578687007));
#3099=CARTESIAN_POINT('',(0.0438760943651225,-0.0442875269840837,-0.0291610415514652));
#3100=CARTESIAN_POINT('',(-0.0397641214065551,-0.0442875269840837,-0.0291610415514652));
#3101=CARTESIAN_POINT('',(-0.0374043371782327,-0.0442875269840837,-0.0291610415514652));
#3102=CARTESIAN_POINT('',(-0.0339596380951086,-0.0408428279009596,-0.0381172591675881));
#3103=CARTESIAN_POINT('',(-0.0333905232100652,-0.0402737130159163,-0.0395969578687008));
#3104=CARTESIAN_POINT('',(0.0412358785934449,-0.0402737130159163,-0.0395969578687007));
#3105=CARTESIAN_POINT('',(0.0412358785934449,-0.01178062,-0.0408789997100829));
#3106=CARTESIAN_POINT('',(0.0382526241656374,0.0113694343597864,-0.0486354612223825));
#3107=CARTESIAN_POINT('',(0.0417289716093611,0.0148457818035101,-0.0395969578687007));
#3108=CARTESIAN_POINT('',(0.0457427855775286,0.0188595957716777,-0.0291610415514652));
#3109=CARTESIAN_POINT('',(0.0457427855775286,-0.04478062,-0.0291610415514652));
#3110=CARTESIAN_POINT('',(0.0457427855775286,-0.0424208357716776,-0.0291610415514652));
#3111=CARTESIAN_POINT('',(0.0382526241656374,-0.0349306743597863,-0.0486354612223825));
#3112=CARTESIAN_POINT('',(0.0417289716093611,-0.0384070218035102,-0.0395969578687006));
#3113=CARTESIAN_POINT('',(0.0417289716093611,0.01621938,-0.0395969578687007));
#3114=CARTESIAN_POINT('',(0.039862280396955,-0.0205986630171538,-0.0388789997100829));
#3115=CARTESIAN_POINT('',(0.039862280396955,0.0148457818035101,-0.0388789997100829));
#3116=CARTESIAN_POINT('',(0.039862280396955,-0.0384070218035102,-0.0388789997100829));
#3117=CARTESIAN_POINT('',(0.039862280396955,0.0148457818035101,-0.0388789997100829));
#3118=CARTESIAN_POINT('',(0.039862280396955,0.0148457818035101,-0.0388789997100829));
#3119=CARTESIAN_POINT('',(0.039862280396955,0.0148457818035101,-0.0388789997100829));
#3120=CARTESIAN_POINT('',(0.039862280396955,-0.0384070218035102,-0.0388789997100829));
#3121=CARTESIAN_POINT('',(0.039862280396955,-0.0384070218035102,-0.0388789997100829));
#3122=CARTESIAN_POINT('',(0.039862280396955,-0.0384070218035102,-0.0388789997100829));
#3123=CARTESIAN_POINT('',(-0.00340237140655513,0.0148457818035101,-0.038878999710083));
#3124=CARTESIAN_POINT('',(-0.0333905232100652,0.0148457818035101,-0.038878999710083));
#3125=CARTESIAN_POINT('',(0.0363859329532313,0.0113694343597864,-0.0479175030637648));
#3126=CARTESIAN_POINT('',(0.0433238188584934,0.0183073202650486,-0.0298789997100829));
#3127=CARTESIAN_POINT('',(0.0476094767899347,-0.0205986630171538,-0.0298789997100829));
#3128=CARTESIAN_POINT('',(0.0476094767899347,-0.0424208357716776,-0.0298789997100829));
#3129=CARTESIAN_POINT('',(0.0476094767899347,0.0188595957716777,-0.0298789997100829));
#3130=CARTESIAN_POINT('',(0.0363859329532313,-0.0349306743597863,-0.0479175030637648));
#3131=CARTESIAN_POINT('',(0.0433238188584934,-0.0418685602650486,-0.0298789997100829));
#3132=CARTESIAN_POINT('',(-0.00340237140655515,-0.0384070218035102,-0.038878999710083));
#3133=CARTESIAN_POINT('',(-0.0333905232100652,-0.0384070218035102,-0.038878999710083));
#3134=CARTESIAN_POINT('',(-0.0333905232100652,-0.0205986630171538,-0.038878999710083));
#3135=CARTESIAN_POINT('',(-0.0333905232100652,0.0148457818035101,-0.038878999710083));
#3136=CARTESIAN_POINT('',(-0.0333905232100652,-0.0384070218035102,-0.038878999710083));
#3137=CARTESIAN_POINT('',(-0.0333905232100652,0.0148457818035101,-0.038878999710083));
#3138=CARTESIAN_POINT('',(-0.0333905232100652,0.0148457818035101,-0.038878999710083));
#3139=CARTESIAN_POINT('',(0.0476094767899347,0.0188595957716777,-0.0278789997100829));
#3140=CARTESIAN_POINT('',(0.0462358785934449,0.0188595957716776,-0.027878999710083));
#3141=CARTESIAN_POINT('',(0.0457427855775286,0.0188595957716776,-0.0291610415514652));
#3142=CARTESIAN_POINT('',(0.0476094767899312,0.019880690360753,-0.027878999710083));
#3143=CARTESIAN_POINT('',(0.0463521061768695,0.0195292255975553,-0.0278789997100726));
#3144=CARTESIAN_POINT('',(0.0458010672321565,0.0194284247208421,-0.0290095092494327));
#3145=CARTESIAN_POINT('',(0.0468338277792131,0.0218173291857736,-0.027878999710083));
#3146=CARTESIAN_POINT('',(0.0459497740065607,0.0209332754131215,-0.0278789997100894));
#3147=CARTESIAN_POINT('',(0.045479509268712,0.0204630106752636,-0.0288372162404632));
#3148=CARTESIAN_POINT('',(0.0448971889542049,0.0225929781964828,-0.0278789997100829));
#3149=CARTESIAN_POINT('',(0.0445457241910025,0.0213356075834149,-0.02787899971008));
#3150=CARTESIAN_POINT('',(0.0444449233142799,0.0207845686387116,-0.0290095092494328));
#3151=CARTESIAN_POINT('',(0.0438760943651225,0.0225929781964899,-0.0278789997100829));
#3152=CARTESIAN_POINT('',(0.0438760943651225,0.02121938,-0.0278789997100829));
#3153=CARTESIAN_POINT('',(0.0438760943651225,0.0207262869840838,-0.0291610415514652));
#3154=CARTESIAN_POINT('',(0.0438760943651225,-0.0461542181964899,-0.0278789997100829));
#3155=CARTESIAN_POINT('',(0.0438760943651225,-0.04478062,-0.0278789997100829));
#3156=CARTESIAN_POINT('',(0.0438760943651225,-0.0442875269840838,-0.0291610415514652));
#3157=CARTESIAN_POINT('',(0.0448971889541907,-0.0461542181964828,-0.027878999710083));
#3158=CARTESIAN_POINT('',(0.0445457241909834,-0.0448968475834048,-0.0278789997100795));
#3159=CARTESIAN_POINT('',(0.0444449233142799,-0.0443458086387094,-0.0290095092494386));
#3160=CARTESIAN_POINT('',(0.046833827779222,-0.0453785691857754,-0.027878999710083));
#3161=CARTESIAN_POINT('',(0.0459497740065837,-0.044494515413122,-0.0278789997100859));
#3162=CARTESIAN_POINT('',(0.0454795092687122,-0.0440242506752665,-0.0288372162404598));
#3163=CARTESIAN_POINT('',(0.0476094767899276,-0.0434419303607494,-0.0278789997100829));
#3164=CARTESIAN_POINT('',(0.0463521061768408,-0.0430904655975658,-0.0278789997100803));
#3165=CARTESIAN_POINT('',(0.0458010672321562,-0.0429896647208386,-0.0290095092494336));
#3166=CARTESIAN_POINT('',(0.0476094767899347,-0.0424208357716777,-0.0278789997100829));
#3167=CARTESIAN_POINT('',(0.0462358785934449,-0.0424208357716776,-0.0278789997100829));
#3168=CARTESIAN_POINT('',(0.0457427855775286,-0.0424208357716776,-0.0291610415514652));
#3169=CARTESIAN_POINT('',(0.0438760943651225,-0.0461542181964899,-0.0298789997100829));
#3170=CARTESIAN_POINT('',(-0.0333905232100652,-0.0384070218035102,-0.038878999710083));
#3171=CARTESIAN_POINT('',(-0.0333905232100652,-0.0384070218035102,-0.038878999710083));
#3172=CARTESIAN_POINT('',(-0.0287726232549259,0.0102278818483708,-0.0508855395934452));
#3173=CARTESIAN_POINT('',(-0.0368520616716038,0.0183073202650486,-0.029878999710083));
#3174=CARTESIAN_POINT('',(-0.00340237140655516,0.0225929781964899,-0.029878999710083));
#3175=CARTESIAN_POINT('',(0.00697262859344484,0.0225929781964899,-0.0298789997100829));
#3176=CARTESIAN_POINT('',(-0.0374043371782327,0.0225929781964899,-0.029878999710083));
#3177=CARTESIAN_POINT('',(-0.00340237140655515,-0.0461542181964899,-0.029878999710083));
#3178=CARTESIAN_POINT('',(-0.0374043371782327,-0.0461542181964899,-0.029878999710083));
#3179=CARTESIAN_POINT('',(-0.0339596380951086,-0.0389761366885535,-0.0373993010089703));
#3180=CARTESIAN_POINT('',(-0.0368520616716038,-0.0418685602650486,-0.029878999710083));
#3181=CARTESIAN_POINT('',(-0.0374043371782327,0.0225929781964899,-0.027878999710083));
#3182=CARTESIAN_POINT('',(-0.0374043371782327,0.02121938,-0.027878999710083));
#3183=CARTESIAN_POINT('',(-0.0374043371782327,0.0207262869840837,-0.0291610415514653));
#3184=CARTESIAN_POINT('',(-0.0384254317673151,0.0225929781964828,-0.027878999710083));
#3185=CARTESIAN_POINT('',(-0.0380739670041233,0.0213356075834066,-0.027878999710075));
#3186=CARTESIAN_POINT('',(-0.0379731661274043,0.0207845686387092,-0.0290095092494392));
#3187=CARTESIAN_POINT('',(-0.0403620705923181,0.0218173291857736,-0.027878999710083));
#3188=CARTESIAN_POINT('',(-0.0394780168196656,0.0209332754131279,-0.0278789997100832));
#3189=CARTESIAN_POINT('',(-0.0390077520818145,0.0204630106752658,-0.0288372162404618));
#3190=CARTESIAN_POINT('',(-0.0411377196030521,0.019880690360753,-0.027878999710083));
#3191=CARTESIAN_POINT('',(-0.0398803489899778,0.0195292255975524,-0.0278789997100906));
#3192=CARTESIAN_POINT('',(-0.0393293100452681,0.0194284247208403,-0.0290095092494292));
#3193=CARTESIAN_POINT('',(-0.041137719603045,0.0188595957716776,-0.027878999710083));
#3194=CARTESIAN_POINT('',(-0.0397641214065552,0.0188595957716776,-0.027878999710083));
#3195=CARTESIAN_POINT('',(-0.0392710283906389,0.0188595957716776,-0.0291610415514653));
#3196=CARTESIAN_POINT('',(-0.041137719603045,0.0188595957716777,-0.029878999710083));
#3197=CARTESIAN_POINT('',(-0.041137719603045,-0.0424208357716776,-0.027878999710083));
#3198=CARTESIAN_POINT('',(-0.0397641214065552,-0.0424208357716776,-0.027878999710083));
#3199=CARTESIAN_POINT('',(-0.0392710283906389,-0.0424208357716776,-0.0291610415514653));
#3200=CARTESIAN_POINT('',(-0.0411377196030379,-0.0434419303607601,-0.027878999710083));
#3201=CARTESIAN_POINT('',(-0.0398803489899611,-0.0430904655975645,-0.0278789997100906));
#3202=CARTESIAN_POINT('',(-0.0393293100452663,-0.0429896647208492,-0.029009509249434));
#3203=CARTESIAN_POINT('',(-0.0403620705923305,-0.0453785691857701,-0.027878999710083));
#3204=CARTESIAN_POINT('',(-0.0394780168196834,-0.0444945154131265,-0.0278789997100782));
#3205=CARTESIAN_POINT('',(-0.0390077520818225,-0.0440242506752615,-0.0288372162404591));
#3206=CARTESIAN_POINT('',(-0.0384254317673045,-0.0461542181964828,-0.027878999710083));
#3207=CARTESIAN_POINT('',(-0.0380739670041051,-0.0448968475833971,-0.0278789997100851));
#3208=CARTESIAN_POINT('',(-0.0379731661273901,-0.0443458086387089,-0.0290095092494398));
#3209=CARTESIAN_POINT('',(-0.0374043371782327,-0.0461542181964899,-0.027878999710083));
#3210=CARTESIAN_POINT('',(-0.0374043371782327,-0.04478062,-0.027878999710083));
#3211=CARTESIAN_POINT('',(-0.0374043371782327,-0.0442875269840837,-0.0291610415514653));
#3212=CARTESIAN_POINT('',(-0.041137719603045,-0.0424208357716776,-0.029878999710083));
#3213=CARTESIAN_POINT('',(-0.041137719603045,-0.0205986630171538,-0.029878999710083));
#3214=CARTESIAN_POINT('',(-0.00340237140655513,-0.0205986630171538,-0.037878999710083));
#3215=CARTESIAN_POINT('',(-0.0333905232100652,-0.0205986630171538,-0.037878999710083));
#3216=CARTESIAN_POINT('',(-0.0333905232100652,0.0148457818035101,-0.037878999710083));
#3217=CARTESIAN_POINT('',(-0.0333905232100652,-0.0384070218035102,-0.037878999710083));
#3218=CARTESIAN_POINT('',(-0.00340237140655513,-0.0384070218035102,-0.037878999710083));
#3219=CARTESIAN_POINT('',(0.039862280396955,-0.0384070218035102,-0.0378789997100829));
#3220=CARTESIAN_POINT('',(0.039862280396955,-0.0205986630171538,-0.0378789997100829));
#3221=CARTESIAN_POINT('',(0.039862280396955,0.0148457818035101,-0.0378789997100829));
#3222=CARTESIAN_POINT('',(-0.00340237140655514,0.0148457818035101,-0.037878999710083));
#3223=CARTESIAN_POINT('',(-0.0347641214065551,-0.01178062,-0.037878999710083));
#3224=CARTESIAN_POINT('',(-0.0392710283906389,-0.01178062,-0.0261610415514652));
#3225=CARTESIAN_POINT('',(-0.0392710283906389,0.0188595957716776,-0.0261610415514652));
#3226=CARTESIAN_POINT('',(-0.0392710283906389,-0.0424208357716776,-0.0261610415514652));
#3227=CARTESIAN_POINT('',(-0.034977214010711,-0.0381270213917499,-0.0373249589392776));
#3228=CARTESIAN_POINT('',(-0.0352572144224714,-0.0384070218035102,-0.0365969578687008));
#3229=CARTESIAN_POINT('',(-0.0352572144224714,-0.01178062,-0.0365969578687008));
#3230=CARTESIAN_POINT('',(-0.0352572144224714,0.0148457818035101,-0.0365969578687008));
#3231=CARTESIAN_POINT('',(-0.0399772140107111,0.0195657813917498,-0.0243249589392775));
#3232=CARTESIAN_POINT('',(0.00323587859344488,-0.03978062,-0.0378789997100829));
#3233=CARTESIAN_POINT('',(0.00323587859344488,-0.0402737130159163,-0.0365969578687007));
#3234=CARTESIAN_POINT('',(0.039862280396955,-0.0402737130159163,-0.0365969578687007));
#3235=CARTESIAN_POINT('',(-0.0333905232100652,-0.0402737130159163,-0.0365969578687008));
#3236=CARTESIAN_POINT('',(-0.038110522798305,-0.044993712604156,-0.0243249589392775));
#3237=CARTESIAN_POINT('',(-0.0374043371782327,-0.0442875269840837,-0.0261610415514652));
#3238=CARTESIAN_POINT('',(0.00323587859344487,-0.0442875269840837,-0.0261610415514652));
#3239=CARTESIAN_POINT('',(0.0438760943651225,-0.0442875269840837,-0.0261610415514652));
#3240=CARTESIAN_POINT('',(0.0395822799851947,-0.039993712604156,-0.0373249589392775));
#3241=CARTESIAN_POINT('',(0.0462358785934449,-0.0205986630171538,-0.0248789997100829));
#3242=CARTESIAN_POINT('',(0.0417289716093611,-0.0205986630171538,-0.0365969578687007));
#3243=CARTESIAN_POINT('',(0.0417289716093611,0.0148457818035101,-0.0365969578687007));
#3244=CARTESIAN_POINT('',(0.0417289716093611,-0.0384070218035102,-0.0365969578687007));
#3245=CARTESIAN_POINT('',(0.0464489711976008,-0.0431270213917498,-0.0243249589392774));
#3246=CARTESIAN_POINT('',(0.0457427855775286,-0.0424208357716776,-0.0261610415514652));
#3247=CARTESIAN_POINT('',(0.0457427855775286,-0.0205986630171538,-0.0261610415514652));
#3248=CARTESIAN_POINT('',(0.0457427855775286,0.0188595957716777,-0.0261610415514652));
#3249=CARTESIAN_POINT('',(0.0414489711976009,0.0145657813917498,-0.0373249589392775));
#3250=CARTESIAN_POINT('',(0.0398085307823233,0.0147920321888784,-0.0360187487081255));
#3251=CARTESIAN_POINT('',(0.039862280396955,0.0148457818035101,-0.0358789997100829));
#3252=CARTESIAN_POINT('',(0.0433238188584934,0.0183073202650486,-0.0268789997100829));
#3253=CARTESIAN_POINT('',(0.039862280396955,0.0148457818035101,-0.0358789997100829));
#3254=CARTESIAN_POINT('',(0.039862280396955,0.0148457818035101,-0.0358789997100829));
#3255=CARTESIAN_POINT('',(0.039862280396955,0.0148457818035101,-0.0358789997100829));
#3256=CARTESIAN_POINT('',(0.0476094767899347,0.0188595957716777,-0.0248789997100829));
#3257=CARTESIAN_POINT('',(0.0462358785934449,0.0188595957716776,-0.0248789997100829));
#3258=CARTESIAN_POINT('',(0.0457427855775286,0.0188595957716776,-0.0261610415514652));
#3259=CARTESIAN_POINT('',(0.0476094767899312,0.019880690360753,-0.0248789997100829));
#3260=CARTESIAN_POINT('',(0.0463521061768658,0.0195292255975508,-0.0248789997100785));
#3261=CARTESIAN_POINT('',(0.0458010672321542,0.0194284247208421,-0.0260095092494386));
#3262=CARTESIAN_POINT('',(0.0468338277792131,0.0218173291857736,-0.0248789997100829));
#3263=CARTESIAN_POINT('',(0.0459497740065545,0.0209332754131219,-0.0248789997100872));
#3264=CARTESIAN_POINT('',(0.0454795092687061,0.0204630106752645,-0.0258372162404579));
#3265=CARTESIAN_POINT('',(0.0448971889542049,0.0225929781964828,-0.0248789997100829));
#3266=CARTESIAN_POINT('',(0.044545724191018,0.0213356075834175,-0.0248789997100785));
#3267=CARTESIAN_POINT('',(0.044444923314294,0.0207845686387098,-0.0260095092494374));
#3268=CARTESIAN_POINT('',(0.0438760943651225,0.0225929781964899,-0.0248789997100829));
#3269=CARTESIAN_POINT('',(0.0438760943651225,0.02121938,-0.0248789997100829));
#3270=CARTESIAN_POINT('',(0.0438760943651225,0.0207262869840838,-0.0261610415514652));
#3271=CARTESIAN_POINT('',(0.0476094767899347,0.0188595957716777,-0.0268789997100829));
#3272=CARTESIAN_POINT('',(-0.00340237140655515,0.0148457818035101,-0.035878999710083));
#3273=CARTESIAN_POINT('',(-0.0333905232100652,0.0148457818035101,-0.035878999710083));
#3274=CARTESIAN_POINT('',(0.039862280396955,-0.0205986630171538,-0.0358789997100829));
#3275=CARTESIAN_POINT('',(0.039862280396955,-0.0384070218035102,-0.0358789997100829));
#3276=CARTESIAN_POINT('',(0.0418217826127237,-0.0403665240192788,-0.0307842939490844));
#3277=CARTESIAN_POINT('',(0.0433238188584934,-0.0418685602650486,-0.0268789997100829));
#3278=CARTESIAN_POINT('',(0.039862280396955,-0.0384070218035102,-0.0358789997100829));
#3279=CARTESIAN_POINT('',(0.0476094767899347,-0.0205986630171538,-0.0268789997100829));
#3280=CARTESIAN_POINT('',(0.0476094767899347,-0.0424208357716776,-0.0268789997100829));
#3281=CARTESIAN_POINT('',(-0.00340237140655516,0.0225929781964899,-0.026878999710083));
#3282=CARTESIAN_POINT('',(0.00697262859344484,0.0225929781964899,-0.026878999710083));
#3283=CARTESIAN_POINT('',(-0.0374043371782327,0.0225929781964899,-0.026878999710083));
#3284=CARTESIAN_POINT('',(-0.0339596380951086,0.0154148966885535,-0.0343993010089703));
#3285=CARTESIAN_POINT('',(-0.0333905232100652,0.0148457818035101,-0.035878999710083));
#3286=CARTESIAN_POINT('',(-0.0368520616716038,0.0183073202650486,-0.026878999710083));
#3287=CARTESIAN_POINT('',(-0.0333905232100652,0.0148457818035101,-0.035878999710083));
#3288=CARTESIAN_POINT('',(-0.0333905232100652,0.0148457818035101,-0.035878999710083));
#3289=CARTESIAN_POINT('',(0.039862280396955,-0.0384070218035102,-0.0358789997100829));
#3290=CARTESIAN_POINT('',(0.039862280396955,-0.0384070218035102,-0.0358789997100829));
#3291=CARTESIAN_POINT('',(0.0438760943651225,-0.0461542181964899,-0.024878999710083));
#3292=CARTESIAN_POINT('',(0.0438760943651225,-0.04478062,-0.0248789997100829));
#3293=CARTESIAN_POINT('',(0.0438760943651225,-0.0442875269840838,-0.0261610415514652));
#3294=CARTESIAN_POINT('',(0.0448971889541907,-0.0461542181964828,-0.024878999710083));
#3295=CARTESIAN_POINT('',(0.0445457241909984,-0.0448968475833987,-0.0248789997100858));
#3296=CARTESIAN_POINT('',(0.0444449233142799,-0.0443458086387107,-0.0260095092494351));
#3297=CARTESIAN_POINT('',(0.046833827779222,-0.0453785691857754,-0.0248789997100829));
#3298=CARTESIAN_POINT('',(0.0459497740065757,-0.0444945154131346,-0.024878999710079));
#3299=CARTESIAN_POINT('',(0.0454795092687132,-0.0440242506752676,-0.0258372162404591));
#3300=CARTESIAN_POINT('',(0.0476094767899276,-0.0434419303607494,-0.0248789997100829));
#3301=CARTESIAN_POINT('',(0.0463521061768435,-0.0430904655975447,-0.0248789997100883));
#3302=CARTESIAN_POINT('',(0.0458010672321542,-0.042989664720835,-0.0260095092494386));
#3303=CARTESIAN_POINT('',(0.0476094767899347,-0.0424208357716777,-0.0248789997100829));
#3304=CARTESIAN_POINT('',(0.0462358785934449,-0.0424208357716776,-0.0248789997100829));
#3305=CARTESIAN_POINT('',(0.0457427855775286,-0.0424208357716776,-0.0261610415514652));
#3306=CARTESIAN_POINT('',(0.0438760943651225,-0.0461542181964899,-0.0268789997100829));
#3307=CARTESIAN_POINT('',(-0.0374043371782327,0.0225929781964899,-0.024878999710083));
#3308=CARTESIAN_POINT('',(-0.0374043371782327,0.02121938,-0.024878999710083));
#3309=CARTESIAN_POINT('',(-0.0374043371782327,0.0207262869840838,-0.0261610415514653));
#3310=CARTESIAN_POINT('',(-0.0384254317673151,0.0225929781964828,-0.024878999710083));
#3311=CARTESIAN_POINT('',(-0.0380739670041219,0.0213356075834106,-0.0248789997100811));
#3312=CARTESIAN_POINT('',(-0.0379731661274043,0.0207845686387092,-0.0260095092494392));
#3313=CARTESIAN_POINT('',(-0.0403620705923181,0.0218173291857736,-0.024878999710083));
#3314=CARTESIAN_POINT('',(-0.0394780168196708,0.0209332754131234,-0.0248789997100836));
#3315=CARTESIAN_POINT('',(-0.0390077520818148,0.0204630106752622,-0.0258372162404612));
#3316=CARTESIAN_POINT('',(-0.0411377196030521,0.0198806903607529,-0.024878999710083));
#3317=CARTESIAN_POINT('',(-0.0398803489899691,0.0195292255975574,-0.0248789997100838));
#3318=CARTESIAN_POINT('',(-0.0393293100452677,0.0194284247208474,-0.0260095092494304));
#3319=CARTESIAN_POINT('',(-0.041137719603045,0.0188595957716776,-0.024878999710083));
#3320=CARTESIAN_POINT('',(-0.0397641214065551,0.0188595957716776,-0.024878999710083));
#3321=CARTESIAN_POINT('',(-0.0392710283906389,0.0188595957716776,-0.0261610415514653));
#3322=CARTESIAN_POINT('',(-0.041137719603045,0.0188595957716776,-0.026878999710083));
#3323=CARTESIAN_POINT('',(-0.0333905232100652,-0.0205986630171538,-0.035878999710083));
#3324=CARTESIAN_POINT('',(-0.0333905232100652,-0.0384070218035102,-0.035878999710083));
#3325=CARTESIAN_POINT('',(-0.00340237140655513,-0.0384070218035102,-0.035878999710083));
#3326=CARTESIAN_POINT('',(-0.0333905232100652,-0.0384070218035102,-0.035878999710083));
#3327=CARTESIAN_POINT('',(-0.00340237140655516,-0.0461542181964899,-0.026878999710083));
#3328=CARTESIAN_POINT('',(-0.0374043371782327,-0.0461542181964899,-0.026878999710083));
#3329=CARTESIAN_POINT('',(-0.041137719603045,-0.0205986630171538,-0.026878999710083));
#3330=CARTESIAN_POINT('',(-0.041137719603045,-0.0424208357716776,-0.026878999710083));
#3331=CARTESIAN_POINT('',(-0.0333905232100652,-0.0384070218035102,-0.035878999710083));
#3332=CARTESIAN_POINT('',(-0.0333905232100652,-0.0384070218035102,-0.035878999710083));
#3333=CARTESIAN_POINT('',(-0.041137719603045,-0.0424208357716776,-0.024878999710083));
#3334=CARTESIAN_POINT('',(-0.0397641214065551,-0.0424208357716777,-0.024878999710083));
#3335=CARTESIAN_POINT('',(-0.0392710283906389,-0.0424208357716777,-0.0261610415514653));
#3336=CARTESIAN_POINT('',(-0.0411377196030379,-0.04344193036076,-0.024878999710083));
#3337=CARTESIAN_POINT('',(-0.0398803489899569,-0.0430904655975519,-0.0248789997100851));
#3338=CARTESIAN_POINT('',(-0.0393293100452663,-0.0429896647208492,-0.026009509249434));
#3339=CARTESIAN_POINT('',(-0.0403620705923251,-0.0453785691857701,-0.024878999710083));
#3340=CARTESIAN_POINT('',(-0.0394780168196847,-0.0444945154131222,-0.0248789997100824));
#3341=CARTESIAN_POINT('',(-0.0390077520818225,-0.0440242506752596,-0.0258372162404638));
#3342=CARTESIAN_POINT('',(-0.0384254317673151,-0.0461542181964828,-0.024878999710083));
#3343=CARTESIAN_POINT('',(-0.038073967004109,-0.0448968475834175,-0.0248789997100822));
#3344=CARTESIAN_POINT('',(-0.0379731661273901,-0.0443458086387125,-0.0260095092494304));
#3345=CARTESIAN_POINT('',(-0.0374043371782327,-0.0461542181964899,-0.024878999710083));
#3346=CARTESIAN_POINT('',(-0.0374043371782328,-0.04478062,-0.024878999710083));
#3347=CARTESIAN_POINT('',(-0.0374043371782328,-0.0442875269840837,-0.0261610415514653));
#3348=CARTESIAN_POINT('',(-0.0368520616716037,-0.0418685602650486,-0.026878999710083));
#3349=CARTESIAN_POINT('',(-0.0287726232549259,-0.0337891218483709,-0.0478855395934452));
#3350=CARTESIAN_POINT('',(0.0219726285934448,0.0172193881964899,-0.015878999710083));
#3351=CARTESIAN_POINT('',(0.0349726285934448,0.0172193881964899,-0.015878999710083));
#3352=CARTESIAN_POINT('',(0.00897262859344484,0.0172193881964899,-0.0352789783992093));
#3353=CARTESIAN_POINT('',(0.0369726285934448,0.0234766886473674,-0.015878999710083));
#3354=CARTESIAN_POINT('',(0.0369726285934448,0.0333197755358718,-0.0292932132724561));
#3355=CARTESIAN_POINT('',(0.0369726285934448,0.0192193881964898,-0.015878999710083));
#3356=CARTESIAN_POINT('',(0.00697262859344483,0.0234766886473674,-0.015878999710083));
#3357=CARTESIAN_POINT('',(0.00697262859344483,0.021691125310433,-0.0176645630470173));
#3358=CARTESIAN_POINT('',(0.00697262859344485,0.0192193881964898,-0.0382789783992094));
#3359=CARTESIAN_POINT('',(0.0219726285934448,0.0297339890982449,-0.0228789997100829));
#3360=CARTESIAN_POINT('',(0.00897262859344483,0.0297339890982449,-0.0228789997100829));
#3361=CARTESIAN_POINT('',(0.0349726285934448,0.0317339890982449,-0.0248789997100829));
#3362=CARTESIAN_POINT('',(0.00897262859344483,0.021691125310433,-0.0176645630470173));
#3363=CARTESIAN_POINT('',(0.0349726285934448,0.021691125310433,-0.0176645630470173));
#3364=CARTESIAN_POINT('',(0.0349726285934448,0.0192193881964898,-0.015878999710083));
#3365=CARTESIAN_POINT('',(0.00897262859344483,0.0192193881964898,-0.015878999710083));
#3366=MECHANICAL_DESIGN_GEOMETRIC_PRESENTATION_REPRESENTATION('',(#1862),
#3367);
#3367=(
GEOMETRIC_REPRESENTATION_CONTEXT(3)
GLOBAL_UNCERTAINTY_ASSIGNED_CONTEXT((#3368))
GLOBAL_UNIT_ASSIGNED_CONTEXT((#3371,#3370,#3369))
REPRESENTATION_CONTEXT('bottom case','TOP_LEVEL_ASSEMBLY_PART')
);
#3368=UNCERTAINTY_MEASURE_WITH_UNIT(LENGTH_MEASURE(2.E-5),#3371,
'DISTANCE_ACCURACY_VALUE','Maximum Tolerance applied to model');
#3369=(
NAMED_UNIT(*)
SI_UNIT($,.STERADIAN.)
SOLID_ANGLE_UNIT()
);
#3370=(
NAMED_UNIT(*)
PLANE_ANGLE_UNIT()
SI_UNIT($,.RADIAN.)
);
#3371=(
LENGTH_UNIT()
NAMED_UNIT(*)
SI_UNIT($,.METRE.)
);
#3372=PRODUCT_DEFINITION_SHAPE('','',#3373);
#3373=PRODUCT_DEFINITION('','',#3375,#3374);
#3374=PRODUCT_DEFINITION_CONTEXT('',#3381,'design');
#3375=PRODUCT_DEFINITION_FORMATION_WITH_SPECIFIED_SOURCE('','',#3377,
 .NOT_KNOWN.);
#3376=PRODUCT_RELATED_PRODUCT_CATEGORY('','',(#3377));
#3377=PRODUCT('bottom case','bottom case','bottom case',(#3379));
#3378=PRODUCT_CATEGORY('','');
#3379=PRODUCT_CONTEXT('',#3381,'mechanical');
#3380=APPLICATION_PROTOCOL_DEFINITION('international standard',
'ap242_managed_model_based_3d_engineering',2020,#3381);
#3381=APPLICATION_CONTEXT('managed model based 3d engineering');
ENDSEC;
END-ISO-10303-21;
